date,site,tmax,tmin,GDD,total,gdd.simple,total.simple,base,if.false,if.true,pd
9/1/21,pa,65,65,23.00,23.00,23,23,42,0,0,0
9/2/21,pa,52,55,11.50,34.50,11.5,34.5,42,0,0,0
9/3/21,pa,49,52,8.50,43.00,8.5,43,42,0,0,0
9/4/21,pa,52,57,12.50,55.50,12.5,55.5,42,0,0,0
9/5/21,pa,57,63,18.00,73.50,18,73.5,42,0,0,0
9/6/21,pa,60,60,18.00,91.50,18,91.5,42,0,0,0
9/7/21,pa,54,56,13.00,104.50,13,104.5,42,0,0,0
9/8/21,pa,56,67,19.50,124.00,19.5,124,42,0,0,0
9/9/21,pa,60,62,19.00,143.00,19,143,42,0,0,0
9/10/21,pa,55,57,14.00,157.00,14,157,42,0,0,0
9/11/21,pa,51,53,10.00,167.00,10,167,42,0,0,0
9/12/21,pa,53,68,18.50,185.50,18.5,185.5,42,0,0,0
9/13/21,pa,68,73,28.50,214.00,28.5,214,42,0,0,0
9/14/21,pa,65,67,24.00,238.00,24,238,42,0,0,0
9/15/21,pa,67,71,27.00,265.00,27,265,42,0,0,0
9/16/21,pa,62,62,20.00,285.00,20,285,42,0,0,0
9/17/21,pa,62,68,23.00,308.00,23,308,42,0,0,0
9/18/21,pa,63,65,22.00,330.00,22,330,42,0,0,0
9/19/21,pa,61,61,19.00,349.00,19,349,42,0,0,0
9/20/21,pa,51,53,10.00,359.00,10,359,42,0,0,0
9/21/21,pa,53,62,15.50,374.50,15.5,374.5,42,0,0,0
9/22/21,pa,62,68,23.00,397.50,23,397.5,42,0,0,0
9/23/21,pa,58,58,16.00,413.50,16,413.5,42,0,0,0
9/24/21,pa,48,50,7.00,420.50,7,420.5,42,0,0,0
9/25/21,pa,47,50,6.50,427.00,6.5,427,42,0,0,0
9/26/21,pa,47,48,5.50,432.50,5.5,432.5,42,0,0,0
9/27/21,pa,48,61,12.50,445.00,12.5,445,42,0,0,0
9/28/21,pa,61,61,19.00,464.00,19,464,42,0,0,0
9/29/21,pa,50,51,8.50,472.50,8.5,472.5,42,0,0,0
9/30/21,pa,47,49,6.00,478.50,6,478.5,42,0,0,0
10/1/21,pa,43,45,2.00,480.50,2,480.5,42,0,0,0
10/2/21,pa,45,46,3.50,484.00,3.5,484,42,0,0,0
10/3/21,pa,46,54,8.00,492.00,8,492,42,0,0,0
10/4/21,pa,54,65,17.50,509.50,17.5,509.5,42,0,0,0
10/5/21,pa,63,63,21.00,530.50,21,530.5,42,0,0,0
10/6/21,pa,63,65,22.00,552.50,22,552.5,42,0,0,0
10/7/21,pa,63,64,21.50,574.00,21.5,574,42,0,0,0
10/8/21,pa,58,59,16.50,590.50,16.5,590.5,42,0,0,1
10/9/21,pa,58,65,19.50,610.00,19.5,610,42,0,0,1
10/10/21,pa,59,60,17.50,627.50,17.5,627.5,42,0,0,1
10/11/21,pa,59,60,17.50,645.00,17.5,645,42,0,0,1
10/12/21,pa,59,62,18.50,663.50,18.5,663.5,42,0,0,1
10/13/21,pa,61,62,19.50,683.00,19.5,683,42,0,0,1
10/14/21,pa,52,53,10.50,693.50,10.5,693.5,42,0,0,1
10/15/21,pa,53,64,16.50,710.00,16.5,710,42,0,0,1
10/16/21,pa,64,68,24.00,734.00,24,734,42,0,0,1
10/17/21,pa,48,48,6.00,740.00,6,740,42,0,0,1
10/18/21,pa,46,48,5.00,745.00,5,745,42,0,0,1
10/19/21,pa,44,45,2.50,747.50,2.5,747.5,42,0,0,1
10/20/21,pa,45,53,7.00,754.50,7,754.5,42,0,0,1
10/21/21,pa,51,54,10.50,765.00,10.5,765,42,0,0,1
10/22/21,pa,51,52,9.50,774.50,9.5,774.5,42,0,0,2
10/23/21,pa,49,49,7.00,781.50,7,781.5,42,0,0,2
10/24/21,pa,39,43,0.00,781.50,0,781.5,42,0,0,2
10/25/21,pa,43,49,4.00,785.50,4,785.5,42,0,0,2
10/26/21,pa,49,56,10.50,796.00,10.5,796,42,0,0,2
10/27/21,pa,44,51,5.50,801.50,5.5,801.5,42,0,0,2
10/28/21,pa,40,41,0.00,801.50,0,801.5,42,0,0,2
10/29/21,pa,41,49,0.00,801.50,0,801.5,42,0,0,2
10/30/21,pa,46,47,4.50,806.00,4.5,806,42,0,0,2
10/31/21,pa,47,51,7.00,813.00,7,813,42,0,0,2
11/1/21,pa,44,44,2.00,815.00,2,815,42,0,0,2
11/2/21,pa,41,42,0.00,815.00,0,815,42,0,0,2
11/3/21,pa,31,34,0.00,815.00,0,815,42,0,0,2
11/4/21,pa,28,28,0.00,815.00,0,815,42,0,0,2
11/5/21,pa,27,28,0.00,815.00,0,815,42,0,0,2
11/6/21,pa,25,25,0.00,815.00,0,815,42,0,0,2
11/7/21,pa,25,27,0.00,815.00,0,815,42,0,0,2
11/8/21,pa,26,36,0.00,815.00,0,815,42,0,0,2
11/9/21,pa,36,43,0.00,815.00,0,815,42,0,0,2
11/10/21,pa,43,52,5.50,820.50,5.5,820.5,42,0,0,3
11/11/21,pa,40,44,0.00,820.50,0,820.5,42,0,0,3
11/12/21,pa,44,48,4.00,824.50,4,824.5,42,0,0,3
11/13/21,pa,43,44,1.50,826.00,1.5,826,42,0,0,3
11/14/21,pa,34,35,0.00,826.00,0,826,42,0,0,3
11/15/21,pa,33,36,0.00,826.00,0,826,42,0,0,3
11/16/21,pa,30,30,0.00,826.00,0,826,42,0,0,3
11/17/21,pa,30,32,0.00,826.00,0,826,42,0,0,3
11/18/21,pa,32,42,0.00,826.00,0,826,42,0,0,3
11/19/21,pa,32,33,0.00,826.00,0,826,42,0,0,3
11/20/21,pa,24,25,0.00,826.00,0,826,42,0,0,3
11/21/21,pa,25,31,0.00,826.00,0,826,42,0,0,3
11/22/21,pa,31,40,0.00,826.00,0,826,42,0,0,3
11/23/21,pa,27,27,0.00,826.00,0,826,42,0,0,3
11/24/21,pa,23,23,0.00,826.00,0,826,42,0,0,3
11/25/21,pa,23,35,0.00,826.00,0,826,42,0,0,3
11/26/21,pa,35,36,0.00,826.00,0,826,42,0,0,3
11/27/21,pa,28,28,0.00,826.00,0,826,42,0,0,3
11/28/21,pa,28,32,0.00,826.00,0,826,42,0,0,3
11/29/21,pa,31,32,0.00,826.00,0,826,42,0,0,3
11/30/21,pa,29,30,0.00,826.00,0,826,42,0,0,3
12/1/21,pa,30,35,0.00,826.00,0,826,42,0,0,3
12/2/21,pa,34,48,0.00,826.00,0,826,42,0,0,3
12/3/21,pa,38,38,0.00,826.00,0,826,42,0,0,3
12/4/21,pa,32,32,0.00,826.00,0,826,42,0,0,3
12/5/21,pa,31,34,0.00,826.00,0,826,42,0,0,3
12/6/21,pa,33,45,0.00,826.00,0,826,42,0,0,3
12/7/21,pa,27,28,0.00,826.00,0,826,42,0,0,3
12/8/21,pa,27,30,0.00,826.00,0,826,42,0,0,3
12/9/21,pa,25,25,0.00,826.00,0,826,42,0,0,3
12/10/21,pa,25,37,0.00,826.00,0,826,42,0,0,3
12/11/21,pa,36,42,0.00,826.00,0,826,42,0,0,3
12/12/21,pa,33,33,0.00,826.00,0,826,42,0,0,3
12/13/21,pa,32,37,0.00,826.00,0,826,42,0,0,3
12/14/21,pa,32,32,0.00,826.00,0,826,42,0,0,3
12/15/21,pa,32,40,0.00,826.00,0,826,42,0,0,3
12/16/21,pa,39,44,0.00,826.00,0,826,42,0,0,3
12/17/21,pa,42,42,0.00,826.00,0,826,42,0,0,3
12/18/21,pa,36,36,0.00,826.00,0,826,42,0,0,3
12/19/21,pa,33,33,0.00,826.00,0,826,42,0,0,3
12/20/21,pa,20,20,0.00,826.00,0,826,42,0,0,3
12/21/21,pa,20,28,0.00,826.00,0,826,42,0,0,3
12/22/21,pa,26,36,0.00,826.00,0,826,42,0,0,3
12/23/21,pa,24,26,0.00,826.00,0,826,42,0,0,3
12/24/21,pa,26,30,0.00,826.00,0,826,42,0,0,3
12/25/21,pa,29,41,0.00,826.00,0,826,42,0,0,3
12/26/21,pa,38,38,0.00,826.00,0,826,42,0,0,3
12/27/21,pa,30,31,0.00,826.00,0,826,42,0,0,3
12/28/21,pa,30,38,0.00,826.00,0,826,42,0,0,3
12/29/21,pa,36,37,0.00,826.00,0,826,42,0,0,3
12/30/21,pa,37,43,0.00,826.00,0,826,42,0,0,3
12/31/21,pa,41,43,0.00,826.00,0,826,42,0,0,3
1/1/22,pa,49,42,3.50,829.50,3.5,829.5,42,0,0,3
1/2/22,pa,45,45,3.00,832.50,3,832.5,42,0,0,3
1/3/22,pa,26,26,0.00,832.50,0,832.5,42,0,0,3
1/4/22,pa,21,20,0.00,832.50,0,832.5,42,0,0,3
1/5/22,pa,28,21,0.00,832.50,0,832.5,42,0,0,3
1/6/22,pa,24,24,0.00,832.50,0,832.5,42,0,0,3
1/7/22,pa,20,19,0.00,832.50,0,832.5,42,0,0,3
1/8/22,pa,14,13,0.00,832.50,0,832.5,42,0,0,3
1/9/22,pa,29,13,0.00,832.50,0,832.5,42,0,0,3
1/10/22,pa,19,18,0.00,832.50,0,832.5,42,0,0,3
1/11/22,pa,12,12,0.00,832.50,0,832.5,42,0,0,3
1/12/22,pa,19,12,0.00,832.50,0,832.5,42,0,0,3
1/13/22,pa,31,19,0.00,832.50,0,832.5,42,0,0,3
1/14/22,pa,37,31,0.00,832.50,0,832.5,42,0,0,3
1/15/22,pa,10,10,0.00,832.50,0,832.5,42,0,0,3
1/16/22,pa,4,4,0.00,832.50,0,832.5,42,0,0,3
1/17/22,pa,32,4,0.00,832.50,0,832.5,42,0,0,3
1/18/22,pa,28,26,0.00,832.50,0,832.5,42,0,0,3
1/19/22,pa,27,23,0.00,832.50,0,832.5,42,0,0,3
1/20/22,pa,28,26,0.00,832.50,0,832.5,42,0,0,3
1/21/22,pa,6,6,0.00,832.50,0,832.5,42,0,0,3
1/22/22,pa,0,0,0.00,832.50,0,832.5,42,0,0,3
1/23/22,pa,22,-1,0.00,832.50,0,832.5,42,0,0,3
1/24/22,pa,18,17,0.00,832.50,0,832.5,42,0,0,3
1/25/22,pa,30,15,0.00,832.50,0,832.5,42,0,0,3
1/26/22,pa,12,8,0.00,832.50,0,832.5,42,0,0,3
1/27/22,pa,2,1,0.00,832.50,0,832.5,42,0,0,3
1/28/22,pa,28,1,0.00,832.50,0,832.5,42,0,0,3
1/29/22,pa,11,11,0.00,832.50,0,832.5,42,0,0,3
1/30/22,pa,6,5,0.00,832.50,0,832.5,42,0,0,3
1/31/22,pa,9,5,0.00,832.50,0,832.5,42,0,0,3
2/1/22,pa,14,8,0.00,832.50,0,832.5,42,0,0,3
2/2/22,pa,28,14,0.00,832.50,0,832.5,42,0,0,3
2/3/22,pa,39,27,0.00,832.50,0,832.5,42,0,0,3
2/4/22,pa,27,27,0.00,832.50,0,832.5,42,0,0,3
2/5/22,pa,14,14,0.00,832.50,0,832.5,42,0,0,3
2/6/22,pa,12,11,0.00,832.50,0,832.5,42,0,0,3
2/7/22,pa,19,11,0.00,832.50,0,832.5,42,0,0,3
2/8/22,pa,28,19,0.00,832.50,0,832.5,42,0,0,3
2/9/22,pa,19,18,0.00,832.50,0,832.5,42,0,0,3
2/10/22,pa,38,19,0.00,832.50,0,832.5,42,0,0,3
2/11/22,pa,29,25,0.00,832.50,0,832.5,42,0,0,3
2/12/22,pa,38,29,0.00,832.50,0,832.5,42,0,0,3
2/13/22,pa,23,22,0.00,832.50,0,832.5,42,-0.703720508,0,3
2/14/22,pa,12,12,0.00,832.50,0,832.5,42,0,0,3
2/15/22,pa,12,11,0.00,832.50,0,832.5,42,0,0,3
2/16/22,pa,28,12,0.00,832.50,0,832.5,42,0,0,3
2/17/22,pa,49,27,1.50,834.00,FALSE,832.5,42,0,0.372168534,3
2/18/22,pa,31,31,0.00,834.00,0,832.5,42,0,0,3
2/19/22,pa,27,22,0.00,834.00,0,832.5,42,0,0,3
2/20/22,pa,13,13,0.00,834.00,0,832.5,42,0,0,3
2/21/22,pa,28,13,0.00,834.00,0,832.5,42,0,0,3
2/22/22,pa,39,28,0.00,834.00,0,832.5,42,0,0,3
2/23/22,pa,56,39,5.46,839.46,5.5,838,42,0,-0.703720508,3
2/24/22,pa,26,25,0.00,839.46,0,838,42,0,0,3
2/25/22,pa,32,25,0.00,839.46,0,838,42,0,0,3
2/26/22,pa,22,22,0.00,839.46,0,838,42,0,0,3
2/27/22,pa,28,22,0.00,839.46,0,838,42,0,0,3
2/28/22,pa,24,23,0.00,839.46,0,838,42,0,0,3
3/1/22,pa,31,23,0.00,839.46,0,838,42,0,0,3
3/2/22,pa,31,30,0.00,839.46,0,838,42,0,0,3
3/3/22,pa,31,31,0.00,839.46,0,838,42,0,0,3
3/4/22,pa,15,15,0.00,839.46,0,838,42,0,0,3
3/5/22,pa,28,15,0.00,839.46,0,838,42,0,0,3
3/6/22,pa,55,28,4.05,843.51,FALSE,838,42,0,0.03704551,3
3/7/22,pa,56,54,13.00,856.51,13,851,42,0,0,3
3/8/22,pa,32,32,0.00,856.51,0,851,42,0,0,3
3/9/22,pa,31,31,0.00,856.51,0,851,42,0,0,3
3/10/22,pa,28,27,0.00,856.51,0,851,42,0,0,3
3/11/22,pa,31,28,0.00,856.51,0,851,42,0,0,3
3/12/22,pa,27,27,0.00,856.51,0,851,42,0,0,3
3/13/22,pa,14,14,0.00,856.51,0,851,42,0,0,3
3/14/22,pa,30,14,0.00,856.51,0,851,42,0,0,3
3/15/22,pa,37,30,0.00,856.51,0,851,42,0,0,3
3/16/22,pa,38,36,0.00,856.51,0,851,42,0,0,3
3/17/22,pa,48,38,2.09,858.60,1,852,42,0,-0.201357921,3
3/18/22,pa,43,42,0.50,859.10,0.5,852.5,42,0,0,3
3/19/22,pa,57,43,8.00,867.10,8,860.5,42,0,0,3
3/20/22,pa,43,42,0.50,867.60,0.5,861,42,0,0,3
3/21/22,pa,36,34,0.00,867.60,0,861,42,0,0,3
3/22/22,pa,39,36,0.00,867.60,0,861,42,0,0,3
3/23/22,pa,41,39,0.00,867.60,0,861,42,0,0,3
3/24/22,pa,41,40,0.00,867.60,0,861,42,0,0,3
3/25/22,pa,41,40,0.00,867.60,0,861,42,0,0,3
3/26/22,pa,39,39,0.00,867.60,0,861,42,0,0,3
3/27/22,pa,29,29,0.00,867.60,0,861,42,0,0,3
3/28/22,pa,20,19,0.00,867.60,0,861,42,0,0,3
3/29/22,pa,20,17,0.00,867.60,0,861,42,0,0,3
3/30/22,pa,28,20,0.00,867.60,0,861,42,0,0,3
3/31/22,pa,53,27,3.14,870.74,FALSE,861,42,0,0.154459598,3
4/1/22,pa,40,41,0.00,870.74,0,861,42,0,0,3
4/2/22,pa,31,32,0.00,870.74,0,861,42,0,0,3
4/3/22,pa,32,41,0.00,870.74,0,861,42,0,0,3
4/4/22,pa,30,32,0.00,870.74,0,861,42,0,0,3
4/5/22,pa,32,39,0.00,870.74,0,861,42,0,0,3
4/6/22,pa,39,47,0.00,870.74,0,861,42,0,0,3
4/7/22,pa,46,48,5.00,875.74,5,866,42,0,0,3
4/8/22,pa,36,38,0.00,875.74,0,866,42,0,0,3
4/9/22,pa,38,39,0.00,875.74,0,866,42,0,0,3
4/10/22,pa,35,36,0.00,875.74,0,866,42,0,0,3
4/11/22,pa,29,32,0.00,875.74,0,866,42,0,0,3
4/12/22,pa,32,53,0.00,875.74,0,866,42,0,0,3
4/13/22,pa,48,51,7.50,883.24,7.5,873.5,42,0,0,3
4/14/22,pa,51,68,17.50,900.74,17.5,891,42,0,0,3
4/15/22,pa,43,47,3.00,903.74,3,894,42,0,0,3
4/16/22,pa,47,53,8.00,911.74,8,902,42,0,0,3
4/17/22,pa,34,35,0.00,911.74,0,902,42,0,0,3
4/18/22,pa,30,34,0.00,911.74,0,902,42,0,0,3
4/19/22,pa,32,35,0.00,911.74,0,902,42,0,0,3
4/20/22,pa,32,36,0.00,911.74,0,902,42,0,0,3
4/21/22,pa,35,49,0.00,911.74,0,902,42,0,0,3
4/22/22,pa,43,51,5.00,916.74,5,907,42,0,0,3
4/23/22,pa,50,51,8.50,925.24,8.5,915.5,42,0,0,3
4/24/22,pa,48,51,7.50,932.74,7.5,923,42,0,0,3
4/25/22,pa,51,56,11.50,944.24,11.5,934.5,42,0,0,3
4/26/22,pa,55,57,14.00,958.24,14,948.5,42,0,0,3
4/27/22,pa,39,39,0.00,958.24,0,948.5,42,0,0,3
4/28/22,pa,31,33,0.00,958.24,0,948.5,42,0,0,3
4/29/22,pa,30,37,0.00,958.24,0,948.5,42,0,0,3
4/30/22,pa,33,40,0.00,958.24,0,948.5,42,0,0,3
5/1/22,pa,40,47,0.00,958.24,0,948.5,42,0,0,3
5/2/22,pa,47,54,8.50,966.74,8.5,957,42,0,0,3
5/3/22,pa,45,48,4.50,971.24,4.5,961.5,42,0,0,3
5/4/22,pa,48,55,9.50,980.74,9.5,971,42,0,0,3
5/5/22,pa,51,53,10.00,990.74,10,981,42,0,0,3
5/6/22,pa,51,51,9.00,999.74,9,990,42,0,0,3
5/7/22,pa,48,48,6.00,1005.74,6,996,42,0,0,3
5/8/22,pa,38,41,0.00,1005.74,0,996,42,0,0,3
5/9/22,pa,40,45,0.00,1005.74,0,996,42,0,0,3
5/10/22,pa,44,51,5.50,1011.24,5.5,1001.5,42,0,0,3
5/11/22,pa,46,52,7.00,1018.24,7,1008.5,42,0,0,3
5/12/22,pa,49,55,10.00,1028.24,10,1018.5,42,0,0,3
5/13/22,pa,55,64,17.50,1045.74,17.5,1036,42,0,0,3
5/14/22,pa,64,67,23.50,1069.24,23.5,1059.5,42,0,0,3
5/15/22,pa,61,65,21.00,1090.24,21,1080.5,42,0,0,3
5/16/22,pa,59,61,18.00,1108.24,18,1098.5,42,0,0,3
5/17/22,pa,49,56,10.50,1118.74,10.5,1109,42,0,0,3
5/18/22,pa,44,51,5.50,1124.24,5.5,1114.5,42,0,0,3
5/19/22,pa,51,56,11.50,1135.74,11.5,1126,42,0,0,3
5/20/22,pa,56,61,16.50,1152.24,16.5,1142.5,42,0,0,3
5/21/22,pa,61,74,25.50,1177.74,25.5,1168,42,0,0,3
5/22/22,pa,65,68,24.50,1202.24,24.5,1192.5,42,0,0,3
5/23/22,pa,51,54,10.50,1212.74,10.5,1203,42,0,0,3
5/24/22,pa,54,56,13.00,1225.74,13,1216,42,0,0,3
5/25/22,pa,54,57,13.50,1239.24,13.5,1229.5,42,0,0,3
5/26/22,pa,57,60,16.50,1255.74,16.5,1246,42,0,0,3
5/27/22,pa,59,66,20.50,1276.24,20.5,1266.5,42,0,0,na
5/28/22,pa,59,61,18.00,1294.24,18,1284.5,42,0,0,na
5/29/22,pa,53,59,14.00,1308.24,14,1298.5,42,0,0,na
5/30/22,pa,58,65,19.50,1327.74,19.5,1318,42,0,0,na
5/31/22,pa,64,72,26.00,1353.74,26,1344,42,0,0,na
9/1/21,ma,61,62,19.50,19.50,19.5,19.5,42,0,0,0
9/2/21,ma,56,58,15.00,34.50,15,34.5,42,0,0,0
9/3/21,ma,49,51,8.00,42.50,8,42.5,42,0,0,0
9/4/21,ma,48,50,7.00,49.50,7,49.5,42,0,0,0
9/5/21,ma,50,56,11.00,60.50,11,60.5,42,0,0,0
9/6/21,ma,56,65,18.50,79.00,18.5,79,42,0,0,0
9/7/21,ma,52,54,11.00,90.00,11,90,42,0,0,0
9/8/21,ma,54,60,15.00,105.00,15,105,42,0,0,0
9/9/21,ma,59,65,20.00,125.00,20,125,42,0,0,0
9/10/21,ma,58,60,17.00,142.00,17,142,42,0,0,0
9/11/21,ma,45,46,3.50,145.50,3.5,145.5,42,0,0,0
9/12/21,ma,46,62,12.00,157.50,12,157.5,42,0,0,0
9/13/21,ma,62,64,21.00,178.50,21,178.5,42,0,0,0
9/14/21,ma,54,55,12.50,191.00,12.5,191,42,0,0,0
9/15/21,ma,54,70,20.00,211.00,20,211,42,0,0,0
9/16/21,ma,63,63,21.00,232.00,21,232,42,0,0,0
9/17/21,ma,63,64,21.50,253.50,21.5,253.5,42,0,0,0
9/18/21,ma,63,65,22.00,275.50,22,275.5,42,0,0,0
9/19/21,ma,54,55,12.50,288.00,12.5,288,42,0,0,0
9/20/21,ma,48,50,7.00,295.00,7,295,42,0,0,0
9/21/21,ma,50,51,8.50,303.50,8.5,303.5,42,0,0,1
9/22/21,ma,51,62,14.50,318.00,14.5,318,42,0,0,1
9/23/21,ma,53,70,19.50,337.50,19.5,337.5,42,0,0,1
9/24/21,ma,69,69,27.00,364.50,27,364.5,42,0,0,1
9/25/21,ma,50,51,8.50,373.00,8.5,373,42,0,0,1
9/26/21,ma,51,54,10.50,383.50,10.5,383.5,42,0,0,1
9/27/21,ma,45,49,5.00,388.50,5,388.5,42,0,0,1
9/28/21,ma,49,58,11.50,400.00,11.5,400,42,0,0,1
9/29/21,ma,41,42,0.00,400.00,0,400,42,0,0,1
9/30/21,ma,42,49,0.00,400.00,0,400,42,0,0,1
10/1/21,ma,37,38,0.00,400.00,0,400,42,0,0,1
10/2/21,ma,38,44,0.00,400.00,0,400,42,0,0,1
10/3/21,ma,44,54,7.00,407.00,7,407,42,0,0,1
10/4/21,ma,54,57,13.50,420.50,13.5,420.5,42,0,0,1
10/5/21,ma,52,53,10.50,431.00,10.5,431,42,0,0,1
10/6/21,ma,52,56,12.00,443.00,12,443,42,0,0,2
10/7/21,ma,53,53,11.00,454.00,11,454,42,0,0,2
10/8/21,ma,52,54,11.00,465.00,11,465,42,0,0,2
10/9/21,ma,54,57,13.50,478.50,13.5,478.5,42,0,0,2
10/10/21,ma,53,53,11.00,489.50,11,489.5,42,0,0,2
10/11/21,ma,53,58,13.50,503.00,13.5,503,42,0,0,2
10/12/21,ma,51,52,9.50,512.50,9.5,512.5,42,0,0,2
10/13/21,ma,49,53,9.00,521.50,9,521.5,42,0,0,2
10/14/21,ma,52,53,10.50,532.00,10.5,532,42,0,0,2
10/15/21,ma,53,55,12.00,544.00,12,544,42,0,0,2
10/16/21,ma,55,65,18.00,562.00,18,562,42,0,0,2
10/17/21,ma,46,46,4.00,566.00,4,566,42,0,0,2
10/18/21,ma,41,41,0.00,566.00,0,566,42,0,0,2
10/19/21,ma,35,36,0.00,566.00,0,566,42,0,0,2
10/20/21,ma,35,45,0.00,566.00,0,566,42,0,0,2
10/21/21,ma,44,51,5.50,571.50,5.5,571.5,42,0,0,2
10/22/21,ma,50,58,12.00,583.50,12,583.5,42,0,0,2
10/23/21,ma,37,37,0.00,583.50,0,583.5,42,0,0,2
10/24/21,ma,31,33,0.00,583.50,0,583.5,42,0,0,2
10/25/21,ma,33,47,0.00,583.50,0,583.5,42,0,0,2
10/26/21,ma,47,51,7.00,590.50,7,590.5,42,0,0,2
10/27/21,ma,49,50,7.50,598.00,7.5,598,42,0,0,2
10/28/21,ma,44,45,2.50,600.50,2.5,600.5,42,0,0,2
10/29/21,ma,33,35,0.00,600.50,0,600.5,42,0,0,2
10/30/21,ma,34,47,0.00,600.50,0,600.5,42,0,0,2
10/31/21,ma,46,53,7.50,608.00,7.5,608,42,0,0,2
11/1/21,ma,48,50,7.00,615.00,7,615,42,0,0,3
11/2/21,ma,36,38,0.00,615.00,0,615,42,0,0,3
11/3/21,ma,29,29,0.00,615.00,0,615,42,0,0,3
11/4/21,ma,26,27,0.00,615.00,0,615,42,0,0,3
11/5/21,ma,25,26,0.00,615.00,0,615,42,0,0,3
11/6/21,ma,23,23,0.00,615.00,0,615,42,0,0,3
11/7/21,ma,23,24,0.00,615.00,0,615,42,0,0,3
11/8/21,ma,24,32,0.00,615.00,0,615,42,0,0,3
11/9/21,ma,31,31,0.00,615.00,0,615,42,0,0,3
11/10/21,ma,31,50,0.00,615.00,0,615,42,0,0,3
11/11/21,ma,27,29,0.00,615.00,0,615,42,0,0,3
11/12/21,ma,29,47,0.00,615.00,0,615,42,0,0,3
11/13/21,ma,35,35,0.00,615.00,0,615,42,0,0,3
11/14/21,ma,31,33,0.00,615.00,0,615,42,0,0,3
11/15/21,ma,33,33,0.00,615.00,0,615,42,0,0,3
11/16/21,ma,26,27,0.00,615.00,0,615,42,0,0,3
11/17/21,ma,24,25,0.00,615.00,0,615,42,0,0,3
11/18/21,ma,25,53,0.00,615.00,0,615,42,0,0,3
11/19/21,ma,36,39,0.00,615.00,0,615,42,0,0,3
11/20/21,ma,22,22,0.00,615.00,0,615,42,0,0,3
11/21/21,ma,22,35,0.00,615.00,0,615,42,0,0,3
11/22/21,ma,35,48,0.00,615.00,0,615,42,0,0,3
11/23/21,ma,21,22,0.00,615.00,0,615,42,0,0,3
11/24/21,ma,21,22,0.00,615.00,0,615,42,0,0,3
11/25/21,ma,22,22,0.00,615.00,0,615,42,0,0,3
11/26/21,ma,22,36,0.00,615.00,0,615,42,0,0,3
11/27/21,ma,32,32,0.00,615.00,0,615,42,0,0,3
11/28/21,ma,22,29,0.00,615.00,0,615,42,0,0,3
11/29/21,ma,29,29,0.00,615.00,0,615,42,0,0,3
11/30/21,ma,17,18,0.00,615.00,0,615,42,0,0,3
12/1/21,ma,17,26,0.00,615.00,0,615,42,0,0,3
12/2/21,ma,26,32,0.00,615.00,0,615,42,0,0,3
12/3/21,ma,32,36,0.00,615.00,0,615,42,0,0,3
12/4/21,ma,20,22,0.00,615.00,0,615,42,0,0,3
12/5/21,ma,21,28,0.00,615.00,0,615,42,0,0,3
12/6/21,ma,26,36,0.00,615.00,0,615,42,0,0,3
12/7/21,ma,32,32,0.00,615.00,0,615,42,0,0,3
12/8/21,ma,23,27,0.00,615.00,0,615,42,0,0,3
12/9/21,ma,17,18,0.00,615.00,0,615,42,0,0,3
12/10/21,ma,17,29,0.00,615.00,0,615,42,0,0,3
12/11/21,ma,26,32,0.00,615.00,0,615,42,0,0,3
12/12/21,ma,31,40,0.00,615.00,0,615,42,0,0,3
12/13/21,ma,25,30,0.00,615.00,0,615,42,0,0,3
12/14/21,ma,25,27,0.00,615.00,0,615,42,0,0,3
12/15/21,ma,24,26,0.00,615.00,0,615,42,0,0,3
12/16/21,ma,25,41,0.00,615.00,0,615,42,0,0,3
12/17/21,ma,41,50,0.00,615.00,0,615,42,0,0,3
12/18/21,ma,32,35,0.00,615.00,0,615,42,0,0,3
12/19/21,ma,32,35,0.00,615.00,0,615,42,0,0,3
12/20/21,ma,16,17,0.00,615.00,0,615,42,0,0,3
12/21/21,ma,17,22,0.00,615.00,0,615,42,0,0,3
12/22/21,ma,22,33,0.00,615.00,0,615,42,0,0,3
12/23/21,ma,24,24,0.00,615.00,0,615,42,0,0,3
12/24/21,ma,20,21,0.00,615.00,0,615,42,0,0,3
12/25/21,ma,21,27,0.00,615.00,0,615,42,0,0,3
12/26/21,ma,26,35,0.00,615.00,0,615,42,0,0,3
12/27/21,ma,29,30,0.00,615.00,0,615,42,0,0,3
12/28/21,ma,29,31,0.00,615.00,0,615,42,0,0,3
12/29/21,ma,31,33,0.00,615.00,0,615,42,0,0,3
12/30/21,ma,33,36,0.00,615.00,0,615,42,0,0,3
12/31/21,ma,36,39,0.00,615.00,0,615,42,0,0,3
1/1/22,ma,39,46,0.00,615.00,0,615,42,0,0,3
1/2/22,ma,43,44,1.50,616.50,1.5,616.5,42,0,0,3
1/3/22,ma,25,25,0.00,616.50,0,616.5,42,0,0,3
1/4/22,ma,11,11,0.00,616.50,0,616.5,42,0,0,3
1/5/22,ma,11,26,0.00,616.50,0,616.5,42,0,0,3
1/6/22,ma,26,28,0.00,616.50,0,616.5,42,0,0,3
1/7/22,ma,26,26,0.00,616.50,0,616.5,42,0,0,3
1/8/22,ma,12,13,0.00,616.50,0,616.5,42,0,0,3
1/9/22,ma,10,28,0.00,616.50,0,616.5,42,0,0,3
1/10/22,ma,25,25,0.00,616.50,0,616.5,42,0,0,3
1/11/22,ma,9,9,0.00,616.50,0,616.5,42,0,0,3
1/12/22,ma,2,10,0.00,616.50,0,616.5,42,0,0,3
1/13/22,ma,2,26,0.00,616.50,0,616.5,42,0,0,3
1/14/22,ma,25,27,0.00,616.50,0,616.5,42,0,0,3
1/15/22,ma,3,3,0.00,616.50,0,616.5,42,0,0,3
1/16/22,ma,-1,-1,0.00,616.50,0,616.5,42,0,0,3
1/17/22,ma,-2,38,0.00,616.50,0,616.5,42,0,0,3
1/18/22,ma,24,24,0.00,616.50,0,616.5,42,0,0,3
1/19/22,ma,11,19,0.00,616.50,0,616.5,42,0,0,3
1/20/22,ma,19,36,0.00,616.50,0,616.5,42,0,0,3
1/21/22,ma,4,4,0.00,616.50,0,616.5,42,0,0,3
1/22/22,ma,2,2,0.00,616.50,0,616.5,42,0,0,3
1/23/22,ma,1,14,0.00,616.50,0,616.5,42,0,0,3
1/24/22,ma,13,14,0.00,616.50,0,616.5,42,0,0,3
1/25/22,ma,13,26,0.00,616.50,0,616.5,42,0,0,3
1/26/22,ma,7,7,0.00,616.50,0,616.5,42,0,0,3
1/27/22,ma,-2,-1,0.00,616.50,0,616.5,42,0,0,3
1/28/22,ma,-2,22,0.00,616.50,0,616.5,42,0,0,3
1/29/22,ma,14,15,0.00,616.50,0,616.5,42,0,0,3
1/30/22,ma,-6,-5,0.00,616.50,0,616.5,42,0,0,3
1/31/22,ma,-6,-5,0.00,616.50,0,616.5,42,0,0,3
2/1/22,ma,-6,3,0.00,616.50,0,616.5,42,0,0,3
2/2/22,ma,2,29,0.00,616.50,0,616.5,42,0,0,3
2/3/22,ma,29,39,0.00,616.50,0,616.5,42,0,0,3
2/4/22,ma,33,34,0.00,616.50,0,616.5,42,0,0,3
2/5/22,ma,18,18,0.00,616.50,0,616.5,42,0,0,3
2/6/22,ma,8,8,0.00,616.50,0,616.5,42,0,0,3
2/7/22,ma,8,19,0.00,616.50,0,616.5,42,0,0,3
2/8/22,ma,19,34,0.00,616.50,0,616.5,42,0,0,3
2/9/22,ma,21,21,0.00,616.50,0,616.5,42,0,0,3
2/10/22,ma,21,30,0.00,616.50,0,616.5,42,0,0,3
2/11/22,ma,21,22,0.00,616.50,0,616.5,42,0,0,3
2/12/22,ma,22,39,0.00,616.50,0,616.5,42,0,0,3
2/13/22,ma,26,26,0.00,616.50,0,616.5,42,0,0,3
2/14/22,ma,14,14,0.00,616.50,0,616.5,42,0,0,3
2/15/22,ma,10,12,0.00,616.50,0,616.5,42,0,0,3
2/16/22,ma,10,11,0.00,616.50,0,616.5,42,0,0,3
2/17/22,ma,11,46,0.00,616.50,0,616.5,42,0,0,3
2/18/22,ma,46,58,10.00,626.50,10,626.5,42,0,0,3
2/19/22,ma,15,17,0.00,626.50,0,626.5,42,0,0,3
2/20/22,ma,9,12,0.00,626.50,0,626.5,42,0,0,3
2/21/22,ma,12,29,0.00,626.50,0,626.5,42,0,0,3
2/22/22,ma,24,25,0.00,626.50,0,626.5,42,0,0,3
2/23/22,ma,25,53,0.00,626.50,0,626.5,42,0,0,3
2/24/22,ma,21,21,0.00,626.50,0,626.5,42,0,0,3
2/25/22,ma,21,22,0.00,626.50,0,626.5,42,0,0,3
2/26/22,ma,4,6,0.00,626.50,0,626.5,42,0,0,3
2/27/22,ma,5,21,0.00,626.50,0,626.5,42,0,0,3
2/28/22,ma,16,16,0.00,626.50,0,626.5,42,0,0,3
3/1/22,ma,9,14,0.00,626.50,0,626.5,42,0,0,3
3/2/22,ma,14,36,0.00,626.50,0,626.5,42,0,0,3
3/3/22,ma,22,24,0.00,626.50,0,626.5,42,0,0,3
3/4/22,ma,8,12,0.00,626.50,0,626.5,42,0,0,3
3/5/22,ma,11,14,0.00,626.50,0,626.5,42,0,0,3
3/6/22,ma,14,35,0.00,626.50,0,626.5,42,0,0,3
3/7/22,ma,35,45,0.00,626.50,0,626.5,42,0,0,3
3/8/22,ma,35,35,0.00,626.50,0,626.5,42,0,0,3
3/9/22,ma,25,28,0.00,626.50,0,626.5,42,0,0,3
3/10/22,ma,20,23,0.00,626.50,0,626.5,42,0,0,3
3/11/22,ma,22,25,0.00,626.50,0,626.5,42,0,0,3
3/12/22,ma,25,37,0.00,626.50,0,626.5,42,0,0,3
3/13/22,ma,20,20,0.00,626.50,0,626.5,42,0,0,3
3/14/22,ma,20,30,0.00,626.50,0,626.5,42,0,0,3
3/15/22,ma,29,31,0.00,626.50,0,626.5,42,0,0,3
3/16/22,ma,30,37,0.00,626.50,0,626.5,42,0,0,3
3/17/22,ma,37,41,0.00,626.50,0,626.5,42,0,0,3
3/18/22,ma,40,43,0.00,626.50,0,626.5,42,0,0,3
3/19/22,ma,43,51,5.00,631.50,5,631.5,42,0,0,3
3/20/22,ma,43,45,2.00,633.50,2,633.5,42,0,0,3
3/21/22,ma,33,34,0.00,633.50,0,633.5,42,0,0,3
3/22/22,ma,29,30,0.00,633.50,0,633.5,42,0,0,3
3/23/22,ma,23,24,0.00,633.50,0,633.5,42,0,0,3
3/24/22,ma,24,35,0.00,633.50,0,633.5,42,0,0,3
3/25/22,ma,35,39,0.00,633.50,0,633.5,42,0,0,3
3/26/22,ma,36,38,0.00,633.50,0,633.5,42,0,0,3
3/27/22,ma,35,38,0.00,633.50,0,633.5,42,0,0,3
3/28/22,ma,22,22,0.00,633.50,0,633.5,42,0,0,3
3/29/22,ma,17,20,0.00,633.50,0,633.5,42,0,0,3
3/30/22,ma,19,23,0.00,633.50,0,633.5,42,0,0,3
3/31/22,ma,23,39,0.00,633.50,0,633.5,42,0,0,3
4/1/22,ma,37,48,0.00,633.50,0,633.5,42,0,0,3
4/2/22,ma,36,36,0.00,633.50,0,633.5,42,0,0,3
4/3/22,ma,29,31,0.00,633.50,0,633.5,42,0,0,3
4/4/22,ma,31,37,0.00,633.50,0,633.5,42,0,0,3
4/5/22,ma,28,29,0.00,633.50,0,633.5,42,0,0,3
4/6/22,ma,29,43,0.00,633.50,0,633.5,42,0,0,3
4/7/22,ma,30,42,0.00,633.50,0,633.5,42,0,0,3
4/8/22,ma,42,43,0.00,633.50,0,633.5,42,0,0,3
4/9/22,ma,37,41,0.00,633.50,0,633.5,42,0,0,3
4/10/22,ma,30,33,0.00,633.50,0,633.5,42,0,0,3
4/11/22,ma,29,34,0.00,633.50,0,633.5,42,0,0,3
4/12/22,ma,34,48,0.00,633.50,0,633.5,42,0,0,3
4/13/22,ma,36,41,0.00,633.50,0,633.5,42,0,0,3
4/14/22,ma,41,50,0.00,633.50,0,633.5,42,0,0,3
4/15/22,ma,38,41,0.00,633.50,0,633.5,42,0,0,3
4/16/22,ma,41,54,0.00,633.50,0,633.5,42,0,0,3
4/17/22,ma,34,37,0.00,633.50,0,633.5,42,0,0,3
4/18/22,ma,25,29,0.00,633.50,0,633.5,42,0,0,3
4/19/22,ma,29,43,0.00,633.50,0,633.5,42,0,0,3
4/20/22,ma,40,42,0.00,633.50,0,633.5,42,0,0,3
4/21/22,ma,28,33,0.00,633.50,0,633.5,42,0,0,3
4/22/22,ma,33,49,0.00,633.50,0,633.5,42,0,0,3
4/23/22,ma,31,36,0.00,633.50,0,633.5,42,0,0,3
4/24/22,ma,36,49,0.00,633.50,0,633.5,42,0,0,3
4/25/22,ma,39,42,0.00,633.50,0,633.5,42,0,0,3
4/26/22,ma,42,50,0.00,633.50,0,633.5,42,0,0,3
4/27/22,ma,46,47,4.50,638.00,4.5,638,42,0,0,3
4/28/22,ma,38,38,0.00,638.00,0,638,42,0,0,3
4/29/22,ma,32,39,0.00,638.00,0,638,42,0,0,3
4/30/22,ma,28,35,0.00,638.00,0,638,42,0,0,3
5/1/22,ma,32,39,0.00,638.00,0,638,42,0,0,3
5/2/22,ma,39,47,0.00,638.00,0,638,42,0,0,3
5/3/22,ma,46,47,4.50,642.50,4.5,642.5,42,0,0,3
5/4/22,ma,47,48,5.50,648.00,5.5,648,42,0,0,3
5/5/22,ma,43,44,1.50,649.50,1.5,649.5,42,0,0,3
5/6/22,ma,44,47,3.50,653.00,3.5,653,42,0,0,3
5/7/22,ma,47,50,6.50,659.50,6.5,659.5,42,0,0,3
5/8/22,ma,41,44,0.00,659.50,0,659.5,42,0,0,3
5/9/22,ma,33,41,0.00,659.50,0,659.5,42,0,0,3
5/10/22,ma,37,47,0.00,659.50,0,659.5,42,0,0,3
5/11/22,ma,37,40,0.00,659.50,0,659.5,42,0,0,3
5/12/22,ma,40,52,0.00,659.50,0,659.5,42,0,0,3
5/13/22,ma,52,63,15.50,675.00,15.5,675,42,0,0,3
5/14/22,ma,63,67,23.00,698.00,23,698,42,0,0,3
5/15/22,ma,64,64,22.00,720.00,22,720,42,0,0,3
5/16/22,ma,63,64,21.50,741.50,21.5,741.5,42,0,0,3
5/17/22,ma,53,57,13.00,754.50,13,754.5,42,0,0,3
5/18/22,ma,48,53,8.50,763.00,8.5,763,42,0,0,3
5/19/22,ma,50,50,8.00,771.00,8,771,42,0,0,3
5/20/22,ma,44,48,4.00,775.00,4,775,42,0,0,3
5/21/22,ma,48,63,13.50,788.50,13.5,788.5,42,0,0,3
5/22/22,ma,48,70,17.00,805.50,17,805.5,42,0,0,3
5/23/22,ma,56,57,14.50,820.00,14.5,820,42,0,0,3
5/24/22,ma,51,52,9.50,829.50,9.5,829.5,42,0,0,3
5/25/22,ma,46,52,7.00,836.50,7,836.5,42,0,0,3
5/26/22,ma,50,53,9.50,846.00,9.5,846,42,0,0,na
5/27/22,ma,53,63,16.00,862.00,16,862,42,0,0,na
5/28/22,ma,63,64,21.50,883.50,21.5,883.5,42,0,0,na
5/29/22,ma,50,51,8.50,892.00,8.5,892,42,0,0,na
5/30/22,ma,51,58,12.50,904.50,12.5,904.5,42,0,0,na
5/31/22,ma,58,69,21.50,926.00,21.5,926,42,0,0,na
9/1/21,md,71,73,30.00,30.00,30,30,42,0,0,0
9/2/21,md,61,66,21.50,51.50,21.5,51.5,42,0,0,0
9/3/21,md,53,65,17.00,68.50,17,68.5,42,0,0,0
9/4/21,md,56,63,17.50,86.00,17.5,86,42,0,0,0
9/5/21,md,63,70,24.50,110.50,24.5,110.5,42,0,0,0
9/6/21,md,68,72,28.00,138.50,28,138.5,42,0,0,0
9/7/21,md,59,72,23.50,162.00,23.5,162,42,0,0,0
9/8/21,md,64,72,26.00,188.00,26,188,42,0,0,0
9/9/21,md,67,69,26.00,214.00,26,214,42,0,0,0
9/10/21,md,60,65,20.50,234.50,20.5,234.5,42,0,0,0
9/11/21,md,52,64,16.00,250.50,16,250.5,42,0,0,0
9/12/21,md,59,68,21.50,272.00,21.5,272,42,0,0,0
9/13/21,md,66,76,29.00,301.00,29,301,42,0,0,0
9/14/21,md,na,74,#VALUE!,#VALUE!,#VALUE!,#VALUE!,42,0,#VALUE!,0
9/15/21,md,na,75,#VALUE!,#VALUE!,#VALUE!,#VALUE!,42,0,#VALUE!,0
9/16/21,md,na,72,#VALUE!,#VALUE!,#VALUE!,#VALUE!,42,0,#VALUE!,0
9/17/21,md,71,72,29.50,330.50,29.5,330.5,42,0,0,0
9/18/21,md,66,70,26.00,356.50,26,356.5,42,0,0,0
9/19/21,md,65,71,26.00,382.50,26,382.5,42,0,0,0
9/20/21,md,56,67,19.50,402.00,19.5,402,42,0,0,0
9/21/21,md,61,68,22.50,424.50,22.5,424.5,42,0,0,0
9/22/21,md,68,75,29.50,454.00,29.5,454,42,0,0,0
9/23/21,md,61,61,19.00,473.00,19,473,42,0,0,0
9/24/21,md,49,60,12.50,485.50,12.5,485.5,42,0,0,0
9/25/21,md,49,61,13.00,498.50,13,498.5,42,0,0,0
9/26/21,md,55,62,16.50,515.00,16.5,515,42,0,0,0
9/27/21,md,50,63,14.50,529.50,14.5,529.5,42,0,0,0
9/28/21,md,56,67,19.50,549.00,19.5,549,42,0,0,0
9/29/21,md,58,59,16.50,565.50,16.5,565.5,42,0,0,0
9/30/21,md,48,59,11.50,577.00,11.5,577,42,0,0,0
10/1/21,md,48,57,10.50,587.50,10.5,587.5,42,0,0,0
10/2/21,md,48,57,10.50,598.00,10.5,598,42,0,0,0
10/3/21,md,55,63,17.00,615.00,17,615,42,0,0,0
10/4/21,md,63,71,25.00,640.00,25,640,42,0,0,1
10/5/21,md,63,68,23.50,663.50,23.5,663.5,42,0,0,1
10/6/21,md,66,66,24.00,687.50,24,687.5,42,0,0,1
10/7/21,md,61,66,21.50,709.00,21.5,709,42,0,0,1
10/8/21,md,60,65,20.50,729.50,20.5,729.5,42,0,0,1
10/9/21,md,62,66,22.00,751.50,22,751.5,42,0,0,1
10/10/21,md,64,67,23.50,775.00,23.5,775,42,0,0,1
10/11/21,md,63,64,21.50,796.50,21.5,796.5,42,0,0,1
10/12/21,md,61,64,20.50,817.00,20.5,817,42,0,0,1
10/13/21,md,64,66,23.00,840.00,23,840,42,0,0,1
10/14/21,md,57,64,18.50,858.50,18.5,858.5,42,0,0,1
10/15/21,md,57,64,18.50,877.00,18.5,877,42,0,0,1
10/16/21,md,59,67,21.00,898.00,21,898,42,0,0,1
10/17/21,md,48,54,9.00,907.00,9,907,42,0,0,2
10/18/21,md,41,53,0.00,907.00,0,907,42,0,0,2
10/19/21,md,38,48,0.00,907.00,0,907,42,0,0,2
10/20/21,md,46,58,10.00,917.00,10,917,42,0,0,2
10/21/21,md,44,53,6.50,923.50,6.5,923.5,42,0,0,2
10/22/21,md,53,61,15.00,938.50,15,938.5,42,0,0,2
10/23/21,md,50,56,11.00,949.50,11,949.5,42,0,0,2
10/24/21,md,47,53,8.00,957.50,8,957.5,42,0,0,2
10/25/21,md,52,63,15.50,973.00,15.5,973,42,0,0,2
10/26/21,md,58,60,17.00,990.00,17,990,42,0,0,2
10/27/21,md,50,55,10.50,1000.50,10.5,1000.5,42,0,0,2
10/28/21,md,45,52,6.50,1007.00,6.5,1007,42,0,0,2
10/29/21,md,52,57,12.50,1019.50,12.5,1019.5,42,0,0,2
10/30/21,md,55,55,13.00,1032.50,13,1032.5,42,0,0,2
10/31/21,md,48,52,8.00,1040.50,8,1040.5,42,0,0,2
11/1/21,md,44,53,6.50,1047.00,6.5,1047,42,0,0,2
11/2/21,md,41,47,0.00,1047.00,0,1047,42,0,0,2
11/3/21,md,33,38,0.00,1047.00,0,1047,42,0,0,2
11/4/21,md,32,36,0.00,1047.00,0,1047,42,0,0,2
11/5/21,md,29,38,0.00,1047.00,0,1047,42,0,0,2
11/6/21,md,29,35,0.00,1047.00,0,1047,42,0,0,2
11/7/21,md,35,40,0.00,1047.00,0,1047,42,0,0,2
11/8/21,md,34,42,0.00,1047.00,0,1047,42,0,0,2
11/9/21,md,37,43,0.00,1047.00,0,1047,42,0,0,2
11/10/21,md,42,53,0.00,1047.00,0,1047,42,0,0,3
11/11/21,md,43,49,4.00,1051.00,4,1051,42,0,0,3
11/12/21,md,49,59,12.00,1063.00,12,1063,42,0,0,3
11/13/21,md,38,44,0.00,1063.00,0,1063,42,0,0,3
11/14/21,md,28,32,0.00,1063.00,0,1063,42,0,0,3
11/15/21,md,32,43,0.00,1063.00,0,1063,42,0,0,3
11/16/21,md,29,37,0.00,1063.00,0,1063,42,0,0,3
11/17/21,md,34,40,0.00,1063.00,0,1063,42,0,0,3
11/18/21,md,40,47,0.00,1063.00,0,1063,42,0,0,3
11/19/21,md,41,42,0.00,1063.00,0,1063,42,0,0,3
11/20/21,md,25,29,0.00,1063.00,0,1063,42,0,0,3
11/21/21,md,29,32,0.00,1063.00,0,1063,42,0,0,3
11/22/21,md,32,44,0.00,1063.00,0,1063,42,0,0,3
11/23/21,md,31,33,0.00,1063.00,0,1063,42,0,0,3
11/24/21,md,25,27,0.00,1063.00,0,1063,42,0,0,3
11/25/21,md,27,31,0.00,1063.00,0,1063,42,0,0,3
11/26/21,md,31,46,0.00,1063.00,0,1063,42,0,0,3
11/27/21,md,34,34,0.00,1063.00,0,1063,42,0,0,3
11/28/21,md,31,32,0.00,1063.00,0,1063,42,0,0,3
11/29/21,md,32,35,0.00,1063.00,0,1063,42,0,0,3
11/30/21,md,26,36,0.00,1063.00,0,1063,42,0,0,3
12/1/21,md,26,29,0.00,1063.00,0,1063,42,0,0,3
12/2/21,md,29,40,0.00,1063.00,0,1063,42,0,0,3
12/3/21,md,36,37,0.00,1063.00,0,1063,42,0,0,3
12/4/21,md,37,45,0.00,1063.00,0,1063,42,0,0,3
12/5/21,md,29,31,0.00,1063.00,0,1063,42,0,0,3
12/6/21,md,31,48,0.00,1063.00,0,1063,42,0,0,3
12/7/21,md,32,35,0.00,1063.00,0,1063,42,0,0,3
12/8/21,md,29,36,0.00,1063.00,0,1063,42,0,0,3
12/9/21,md,23,25,0.00,1063.00,0,1063,42,0,0,3
12/10/21,md,25,41,0.00,1063.00,0,1063,42,0,0,3
12/11/21,md,41,55,0.00,1063.00,0,1063,42,0,0,3
12/12/21,md,40,40,0.00,1063.00,0,1063,42,0,0,3
12/13/21,md,25,25,0.00,1063.00,0,1063,42,0,0,3
12/14/21,md,25,28,0.00,1063.00,0,1063,42,0,0,3
12/15/21,md,28,41,0.00,1063.00,0,1063,42,0,0,3
12/16/21,md,41,45,0.00,1063.00,0,1063,42,0,0,3
12/17/21,md,45,58,9.50,1072.50,9.5,1072.5,42,0,0,3
12/18/21,md,49,49,7.00,1079.50,7,1079.5,42,0,0,3
12/19/21,md,43,43,1.00,1080.50,1,1080.5,42,0,0,3
12/20/21,md,21,21,0.00,1080.50,0,1080.5,42,0,0,3
12/21/21,md,21,25,0.00,1080.50,0,1080.5,42,0,0,3
12/22/21,md,25,30,0.00,1080.50,0,1080.5,42,0,0,3
12/23/21,md,23,27,0.00,1080.50,0,1080.5,42,0,0,3
12/24/21,md,27,33,0.00,1080.50,0,1080.5,42,0,0,3
12/25/21,md,32,44,0.00,1080.50,0,1080.5,42,0,0,3
12/26/21,md,44,49,4.50,1085.00,4.5,1085,42,0,0,3
12/27/21,md,33,38,0.00,1085.00,0,1085,42,0,0,3
12/28/21,md,35,39,0.00,1085.00,0,1085,42,0,0,3
12/29/21,md,39,47,0.00,1085.00,0,1085,42,0,0,3
12/30/21,md,47,47,5.00,1090.00,5,1090,42,0,0,3
12/31/21,md,47,51,7.00,1097.00,7,1097,42,0,0,3
1/1/22,md,51,56,11.50,1108.50,11.5,1108.5,42,0,0,3
1/2/22,md,55,55,13.00,1121.50,13,1121.5,42,0,0,3
1/3/22,md,31,31,0.00,1121.50,0,1121.5,42,0,0,3
1/4/22,md,13,14,0.00,1121.50,0,1121.5,42,0,0,3
1/5/22,md,14,32,0.00,1121.50,0,1121.5,42,0,0,3
1/6/22,md,27,28,0.00,1121.50,0,1121.5,42,0,0,3
1/7/22,md,26,26,0.00,1121.50,0,1121.5,42,0,0,3
1/8/22,md,19,20,0.00,1121.50,0,1121.5,42,0,0,3
1/9/22,md,20,33,0.00,1121.50,0,1121.5,42,0,0,3
1/10/22,md,30,30,0.00,1121.50,0,1121.5,42,0,0,3
1/11/22,md,20,20,0.00,1121.50,0,1121.5,42,0,0,3
1/12/22,md,18,26,0.00,1121.50,0,1121.5,42,0,0,3
1/13/22,md,26,27,0.00,1121.50,0,1121.5,42,0,0,3
1/14/22,md,27,41,0.00,1121.50,0,1121.5,42,0,0,3
1/15/22,md,20,20,0.00,1121.50,0,1121.5,42,0,0,3
1/16/22,md,13,15,0.00,1121.50,0,1121.5,42,0,0,3
1/17/22,md,15,34,0.00,1121.50,0,1121.5,42,0,0,3
1/18/22,md,33,34,0.00,1121.50,0,1121.5,42,0,0,3
1/19/22,md,23,33,0.00,1121.50,0,1121.5,42,0,0,3
1/20/22,md,33,40,0.00,1121.50,0,1121.5,42,0,0,3
1/21/22,md,16,16,0.00,1121.50,0,1121.5,42,0,0,3
1/22/22,md,14,14,0.00,1121.50,0,1121.5,42,0,0,3
1/23/22,md,14,21,0.00,1121.50,0,1121.5,42,0,0,3
1/24/22,md,21,28,0.00,1121.50,0,1121.5,42,0,0,3
1/25/22,md,28,31,0.00,1121.50,0,1121.5,42,0,0,3
1/26/22,md,18,19,0.00,1121.50,0,1121.5,42,0,0,3
1/27/22,md,13,14,0.00,1121.50,0,1121.5,42,0,0,3
1/28/22,md,14,29,0.00,1121.50,0,1121.5,42,0,0,3
1/29/22,md,21,21,0.00,1121.50,0,1121.5,42,0,0,3
1/30/22,md,11,17,0.00,1121.50,0,1121.5,42,0,0,3
1/31/22,md,17,23,0.00,1121.50,0,1121.5,42,0,0,3
2/1/22,md,19,21,0.00,1121.50,0,1121.5,42,0,0,3
2/2/22,md,21,26,0.00,1121.50,0,1121.5,42,0,0,3
2/3/22,md,26,41,0.00,1121.50,0,1121.5,42,0,0,3
2/4/22,md,41,55,0.00,1121.50,0,1121.5,42,0,0,3
2/5/22,md,29,29,0.00,1121.50,0,1121.5,42,0,0,3
2/6/22,md,18,20,0.00,1121.50,0,1121.5,42,0,0,3
2/7/22,md,20,32,0.00,1121.50,0,1121.5,42,0,0,3
2/8/22,md,27,28,0.00,1121.50,0,1121.5,42,0,0,3
2/9/22,md,23,26,0.00,1121.50,0,1121.5,42,0,0,3
2/10/22,md,26,31,0.00,1121.50,0,1121.5,42,0,0,3
2/11/22,md,27,29,0.00,1121.50,0,1121.5,42,0,0,3
2/12/22,md,29,52,0.00,1121.50,0,1121.5,42,0,0,3
2/13/22,md,33,33,0.00,1121.50,0,1121.5,42,0,0,3
2/14/22,md,23,24,0.00,1121.50,0,1121.5,42,0,0,3
2/15/22,md,15,20,0.00,1121.50,0,1121.5,42,0,0,3
2/16/22,md,20,26,0.00,1121.50,0,1121.5,42,0,0,3
2/17/22,md,26,52,0.00,1121.50,0,1121.5,42,0,0,3
2/18/22,md,48,48,6.00,1127.50,6,1127.5,42,0,0,3
2/19/22,md,20,30,0.00,1127.50,0,1127.5,42,0,0,3
2/20/22,md,15,21,0.00,1127.50,0,1127.5,42,0,0,3
2/21/22,md,21,29,0.00,1127.50,0,1127.5,42,0,0,3
2/22/22,md,29,42,0.00,1127.50,0,1127.5,42,0,0,3
2/23/22,md,42,60,0.00,1127.50,0,1127.5,42,0,0,3
2/24/22,md,36,36,0.00,1127.50,0,1127.5,42,0,0,3
2/25/22,md,31,33,0.00,1127.50,0,1127.5,42,0,0,3
2/26/22,md,32,32,0.00,1127.50,0,1127.5,42,0,0,3
2/27/22,md,29,31,0.00,1127.50,0,1127.5,42,0,0,3
2/28/22,md,31,38,0.00,1127.50,0,1127.5,42,0,0,3
3/1/22,md,26,30,0.00,1127.50,0,1127.5,42,0,0,3
3/2/22,md,30,36,0.00,1127.50,0,1127.5,42,0,0,3
3/3/22,md,36,49,0.00,1127.50,0,1127.5,42,0,0,3
3/4/22,md,23,28,0.00,1127.50,0,1127.5,42,0,0,3
3/5/22,md,28,36,0.00,1127.50,0,1127.5,42,0,0,3
3/6/22,md,36,61,0.00,1127.50,0,1127.5,42,0,0,3
3/7/22,md,54,65,17.50,1145.00,17.5,1145,42,0,0,3
3/8/22,md,42,42,0.00,1145.00,0,1145,42,0,0,3
3/9/22,md,39,39,0.00,1145.00,0,1145,42,0,0,3
3/10/22,md,30,35,0.00,1145.00,0,1145,42,0,0,3
3/11/22,md,30,37,0.00,1145.00,0,1145,42,0,0,3
3/12/22,md,36,36,0.00,1145.00,0,1145,42,0,0,3
3/13/22,md,20,22,0.00,1145.00,0,1145,42,0,0,3
3/14/22,md,22,34,0.00,1145.00,0,1145,42,0,0,3
3/15/22,md,32,36,0.00,1145.00,0,1145,42,0,0,3
3/16/22,md,36,45,0.00,1145.00,0,1145,42,0,0,3
3/17/22,md,45,48,4.50,1149.50,4.5,1149.5,42,0,0,3
3/18/22,md,42,47,0.00,1149.50,0,1149.5,42,0,0,3
3/19/22,md,47,60,11.50,1161.00,11.5,1161,42,0,0,3
3/20/22,md,51,52,9.50,1170.50,9.5,1170.5,42,0,0,3
3/21/22,md,34,40,0.00,1170.50,0,1170.5,42,0,0,3
3/22/22,md,40,47,0.00,1170.50,0,1170.5,42,0,0,3
3/23/22,md,47,48,5.50,1176.00,5.5,1176,42,0,0,3
3/24/22,md,48,50,7.00,1183.00,7,1183,42,0,0,3
3/25/22,md,43,44,1.50,1184.50,1.5,1184.5,42,0,0,3
3/26/22,md,44,47,3.50,1188.00,3.5,1188,42,0,0,3
3/27/22,md,36,40,0.00,1188.00,0,1188,42,0,0,3
3/28/22,md,25,30,0.00,1188.00,0,1188,42,0,0,3
3/29/22,md,23,26,0.00,1188.00,0,1188,42,0,0,3
3/30/22,md,26,37,0.00,1188.00,0,1188,42,0,0,3
3/31/22,md,37,65,0.00,1188.00,0,1188,42,0,0,3
4/1/22,md,49,49,7.00,1195.00,7,1195,42,0,0,3
4/2/22,md,38,42,0.00,1195.00,0,1195,42,0,0,3
4/3/22,md,42,47,0.00,1195.00,0,1195,42,0,0,3
4/4/22,md,34,43,0.00,1195.00,0,1195,42,0,0,3
4/5/22,md,43,49,4.00,1199.00,4,1199,42,0,0,3
4/6/22,md,49,53,9.00,1208.00,9,1208,42,0,0,3
4/7/22,md,48,48,6.00,1214.00,6,1214,42,0,0,3
4/8/22,md,40,49,0.00,1214.00,0,1214,42,0,0,3
4/9/22,md,42,48,0.00,1214.00,0,1214,42,0,0,3
4/10/22,md,37,43,0.00,1214.00,0,1214,42,0,0,3
4/11/22,md,31,45,0.00,1214.00,0,1214,42,0,0,3
4/12/22,md,45,55,8.00,1222.00,8,1222,42,0,0,3
4/13/22,md,50,62,14.00,1236.00,14,1236,42,0,0,3
4/14/22,md,62,72,25.00,1261.00,25,1261,42,0,0,3
4/15/22,md,40,57,0.00,1261.00,0,1261,42,0,0,3
4/16/22,md,57,61,17.00,1278.00,17,1278,42,0,0,3
4/17/22,md,47,49,6.00,1284.00,6,1284,42,0,0,3
4/18/22,md,37,43,0.00,1284.00,0,1284,42,0,0,3
4/19/22,md,37,45,0.00,1284.00,0,1284,42,0,0,3
4/20/22,md,34,47,0.00,1284.00,0,1284,42,0,0,3
4/21/22,md,42,51,0.00,1284.00,0,1284,42,0,0,3
4/22/22,md,44,64,12.00,1296.00,12,1296,42,0,0,3
4/23/22,md,45,57,9.00,1305.00,9,1305,42,0,0,3
4/24/22,md,51,59,13.00,1318.00,13,1318,42,0,0,3
4/25/22,md,52,54,11.00,1329.00,11,1329,42,0,0,3
4/26/22,md,54,59,14.50,1343.50,14.5,1343.5,42,0,0,3
4/27/22,md,46,50,6.00,1349.50,6,1349.5,42,0,0,3
4/28/22,md,37,39,0.00,1349.50,0,1349.5,42,0,0,3
4/29/22,md,32,49,0.00,1349.50,0,1349.5,42,0,0,3
4/30/22,md,35,53,0.00,1349.50,0,1349.5,42,0,0,3
5/1/22,md,44,53,6.50,1356.00,6.5,1356,42,0,0,3
5/2/22,md,49,59,12.00,1368.00,12,1368,42,0,0,3
5/3/22,md,54,56,13.00,1381.00,13,1381,42,0,0,3
5/4/22,md,55,56,13.50,1394.50,13.5,1394.5,42,0,0,3
5/5/22,md,52,59,13.50,1408.00,13.5,1408,42,0,0,3
5/6/22,md,54,57,13.50,1421.50,13.5,1421.5,42,0,0,3
5/7/22,md,50,52,9.00,1430.50,9,1430.5,42,0,0,3
5/8/22,md,42,46,0.00,1430.50,0,1430.5,42,0,0,3
5/9/22,md,38,53,0.00,1430.50,0,1430.5,42,0,0,3
5/10/22,md,44,58,9.00,1439.50,9,1439.5,42,0,0,3
5/11/22,md,46,61,11.50,1451.00,11.5,1451,42,0,0,3
5/12/22,md,52,61,14.50,1465.50,14.5,1465.5,42,0,0,na
5/13/22,md,61,63,20.00,1485.50,20,1485.5,42,0,0,na
5/14/22,md,63,65,22.00,1507.50,22,1507.5,42,0,0,na
5/15/22,md,62,65,21.50,1529.00,21.5,1529,42,0,0,na
5/16/22,md,62,68,23.00,1552.00,23,1552,42,0,0,na
5/17/22,md,50,69,17.50,1569.50,17.5,1569.5,42,0,0,na
5/18/22,md,49,59,12.00,1581.50,12,1581.5,42,0,0,na
5/19/22,md,59,61,18.00,1599.50,18,1599.5,42,0,0,na
5/20/22,md,57,69,21.00,1620.50,21,1620.5,42,0,0,na
5/21/22,md,66,77,29.50,1650.00,29.5,1650,42,0,0,na
5/22/22,md,73,73,31.00,1681.00,31,1681,42,0,0,na
5/23/22,md,61,61,19.00,1700.00,19,1700,42,0,0,na
5/24/22,md,57,58,15.50,1715.50,15.5,1715.5,42,0,0,na
5/25/22,md,51,58,12.50,1728.00,12.5,1728,42,0,0,na
5/26/22,md,58,59,16.50,1744.50,16.5,1744.5,42,0,0,na
5/27/22,md,59,68,21.50,1766.00,21.5,1766,42,0,0,na
5/28/22,md,60,65,20.50,1786.50,20.5,1786.5,42,0,0,na
5/29/22,md,56,71,21.50,1808.00,21.5,1808,42,0,0,na
5/30/22,md,60,75,25.50,1833.50,25.5,1833.5,42,0,0,na
5/31/22,md,65,80,30.50,1864.00,30.5,1864,42,0,0,na
9/1/21,ny,79,61,28.00,28.00,28,28,42,0,0,0
9/2/21,ny,65,51,16.00,44.00,16,44,42,0,0,0
9/3/21,ny,68,51,17.50,61.50,17.5,61.5,42,0,0,0
9/4/21,ny,69,50,17.50,79.00,17.5,79,42,0,0,0
9/5/21,ny,76,51,21.50,100.50,21.5,100.5,42,0,0,0
9/6/21,ny,73,60,24.50,125.00,24.5,125,42,0,0,0
9/7/21,ny,71,52,19.50,144.50,19.5,144.5,42,0,0,0
9/8/21,ny,76,52,22.00,166.50,22,166.5,42,0,0,0
9/9/21,ny,69,58,21.50,188.00,21.5,188,42,0,0,0
9/10/21,ny,73,54,21.50,209.50,21.5,209.5,42,0,0,0
9/11/21,ny,70,51,18.50,228.00,18.5,228,42,0,0,0
9/12/21,ny,75,51,21.00,249.00,21,249,42,0,0,0
9/13/21,ny,75,60,25.50,274.50,25.5,274.5,42,0,0,0
9/14/21,ny,73,59,24.00,298.50,24,298.5,42,0,0,0
9/15/21,ny,81,61,29.00,327.50,29,327.5,42,0,0,0
9/16/21,ny,71,56,21.50,349.00,21.5,349,42,0,0,0
9/17/21,ny,75,59,25.00,374.00,25,374,42,0,0,0
9/18/21,ny,77,63,28.00,402.00,28,402,42,0,0,0
9/19/21,ny,74,51,20.50,422.50,20.5,422.5,42,0,0,0
9/20/21,ny,72,50,19.00,441.50,19,441.5,42,0,0,0
9/21/21,ny,76,54,23.00,464.50,23,464.5,42,0,0,0
9/22/21,ny,73,59,24.00,488.50,24,488.5,42,0,0,0
9/23/21,ny,74,65,27.50,516.00,27.5,516,42,0,0,0
9/24/21,ny,71,51,19.00,535.00,19,535,42,0,0,0
9/25/21,ny,67,49,16.00,551.00,16,551,42,0,0,0
9/26/21,ny,74,49,19.50,570.50,19.5,570.5,42,0,0,0
9/27/21,ny,68,50,17.00,587.50,17,587.5,42,0,0,0
9/28/21,ny,78,56,25.00,612.50,25,612.5,42,0,0,0
9/29/21,ny,64,51,15.50,628.00,15.5,628,42,0,0,0
9/30/21,ny,64,51,15.50,643.50,15.5,643.5,42,0,0,1
10/1/21,ny,60,44,10.00,653.50,10,653.5,42,0,0,1
10/2/21,ny,64,44,12.00,665.50,12,665.5,42,0,0,1
10/3/21,ny,77,48,20.50,686.00,20.5,686,42,0,0,1
10/4/21,ny,69,59,22.00,708.00,22,708,42,0,0,1
10/5/21,ny,67,59,21.00,729.00,21,729,42,0,0,1
10/6/21,ny,63,59,19.00,748.00,19,748,42,0,0,1
10/7/21,ny,72,58,23.00,771.00,23,771,42,0,0,1
10/8/21,ny,73,57,23.00,794.00,23,794,42,0,0,1
10/9/21,ny,75,57,24.00,818.00,24,818,42,0,0,1
10/10/21,ny,67,61,22.00,840.00,22,840,42,0,0,1
10/11/21,ny,70,59,22.50,862.50,22.5,862.5,42,0,0,1
10/12/21,ny,72,59,23.50,886.00,23.5,886,42,0,0,1
10/13/21,ny,72,60,24.00,910.00,24,910,42,0,0,1
10/14/21,ny,72,57,22.50,932.50,22.5,932.5,42,0,0,1
10/15/21,ny,73,58,23.50,956.00,23.5,956,42,0,0,1
10/16/21,ny,74,62,26.00,982.00,26,982,42,0,0,1
10/17/21,ny,70,48,17.00,999.00,17,999,42,0,0,1
10/18/21,ny,57,48,10.50,1009.50,10.5,1009.5,42,0,0,1
10/19/21,ny,49,45,5.00,1014.50,5,1014.5,42,-0.339836909,0,1
10/20/21,ny,67,45,14.00,1028.50,14,1028.5,42,0,0,1
10/21/21,ny,71,53,20.00,1048.50,20,1048.5,42,0,0,2
10/22/21,ny,71,53,20.00,1068.50,20,1068.5,42,0,0,2
10/23/21,ny,53,38,4.14,1072.64,3.5,1072,42,0,-0.485518122,2
10/24/21,ny,50,41,3.18,1075.82,3.5,1075.5,42,0,-0.891122508,2
10/25/21,ny,58,43,8.50,1084.32,8.5,1084,42,0,0,2
10/26/21,ny,61,50,13.50,1097.82,13.5,1097.5,42,0,0,2
10/27/21,ny,52,47,7.50,1105.32,7.5,1105,42,0,0,2
10/28/21,ny,55,34,4.59,1109.92,2.5,1107.5,42,0,-0.240404217,2
10/29/21,ny,58,34,6.02,1115.94,4,1111.5,42,-0.252680255,-0.339836909,2
10/30/21,ny,50,45,5.50,1121.44,5.5,1117,42,-0.523598776,0,2
10/31/21,ny,54,45,7.50,1128.94,7.5,1124.5,42,0,0,2
11/1/21,ny,55,45,8.00,1136.94,8,1132.5,42,0,0,2
11/2/21,ny,52,40,4.35,1141.29,4,1136.5,42,-0.643501109,-0.729727656,2
11/3/21,ny,46,37,0.56,1141.85,FALSE,1136.5,42,-0.848062079,0.111341014,2
11/4/21,ny,43,32,-0.50,1141.35,FALSE,1136.5,42,0,0.958241588,3
11/5/21,ny,45,29,0.05,1141.40,FALSE,1136.5,42,0,0.675131533,3
11/6/21,ny,46,29,0.46,1141.86,FALSE,1136.5,42,0,0.55790704,3
11/7/21,ny,52,31,3.09,1144.95,FALSE,1136.5,42,0,0.047637063,3
11/8/21,ny,57,33,5.35,1150.30,3,1139.5,42,-0.471861837,-0.252680255,3
11/9/21,ny,63,35,8.51,1158.82,7,1146.5,42,-0.429775431,-0.523598776,3
11/10/21,ny,60,46,11.00,1169.82,11,1157.5,42,0,0,3
11/11/21,ny,55,37,4.87,1174.68,4,1161.5,42,0,-0.460553992,3
11/12/21,ny,58,38,6.18,1180.87,6,1167.5,42,0,-0.643501109,3
11/13/21,ny,56,40,5.55,1186.41,6,1173.5,42,0,-0.848062079,3
11/14/21,ny,42,38,0.00,1186.41,0,1173.5,42,0,0,3
11/15/21,ny,44,35,0.18,1186.60,FALSE,1173.5,42,0,0.58903097,3
11/16/21,ny,41,36,0.00,1186.60,0,1173.5,42,0,0,3
11/17/21,ny,43,33,-0.41,1186.19,FALSE,1173.5,42,0,0.927295218,3
11/18/21,ny,58,36,6.00,1192.19,5,1178.5,42,0,-0.471861837,3
11/19/21,ny,59,35,6.32,1198.51,5,1183.5,42,0,-0.429775431,3
11/20/21,ny,41,30,0.00,1198.51,0,1183.5,42,0,0,3
11/21/21,ny,43,30,-0.68,1197.83,FALSE,1183.5,42,0,1.008726524,3
11/22/21,ny,47,38,1.68,1199.52,0.5,1184,42,0,-0.111341014,3
11/23/21,ny,38,29,0.00,1199.52,0,1184,42,0,0,3
11/24/21,ny,33,25,0.00,1199.52,0,1184,42,0,0,3
11/25/21,ny,45,27,-0.13,1199.38,FALSE,1184,42,0,0.729727656,3
11/26/21,ny,46,37,1.18,1200.57,FALSE,1184,42,0,0.111341014,3
11/27/21,ny,37,30,0.00,1200.57,0,1184,42,0,0,3
11/28/21,ny,32,28,0.00,1200.57,0,1184,42,0,0,3
11/29/21,ny,34,28,0.00,1200.57,0,1184,42,0,0,3
11/30/21,ny,34,28,0.00,1200.57,0,1184,42,0,0,3
12/1/21,ny,39,33,0.00,1200.57,0,1184,42,0,0,3
12/2/21,ny,44,36,-0.02,1200.55,FALSE,1184,42,-0.339836909,0.523598776,3
12/3/21,ny,53,34,3.78,1204.33,1.5,1185.5,42,0,-0.158558281,3
12/4/21,ny,36,30,0.00,1204.33,0,1185.5,42,0,0,3
12/5/21,ny,45,32,0.32,1204.65,FALSE,1185.5,42,0,0.5686103,3
12/6/21,ny,48,32,1.55,1206.19,FALSE,1185.5,42,0,0.252680255,3
12/7/21,ny,52,30,1.12,1207.32,FALSE,1185.5,42,-0.985110783,0.091034778,3
12/8/21,ny,31,27,0.00,1207.32,0,1185.5,42,0,0,3
12/9/21,ny,32,26,0.00,1207.32,0,1185.5,42,0,0,3
12/10/21,ny,36,27,0.00,1207.32,0,1185.5,42,0,0,3
12/11/21,ny,44,36,0.27,1207.59,FALSE,1185.5,42,0,0.523598776,3
12/12/21,ny,60,33,6.55,1214.14,4.5,1190,42,0,-0.339836909,3
12/13/21,ny,44,33,0.00,1214.14,FALSE,1190,42,0,0.689775001,3
12/14/21,ny,54,38,4.55,1218.69,4,1194,42,0,-0.523598776,3
12/15/21,ny,45,30,0.14,1218.83,FALSE,1194,42,0,0.643501109,3
12/16/21,ny,52,37,3.64,1222.47,2.5,1196.5,42,0,-0.339836909,3
12/17/21,ny,64,40,8.82,1231.29,10,1206.5,42,0,-0.985110783,3
12/18/21,ny,48,32,1.55,1232.84,FALSE,1206.5,42,0,0.252680255,3
12/19/21,ny,38,28,0.00,1232.84,0,1206.5,42,0,0,3
12/20/21,ny,28,19,0.00,1232.84,0,1206.5,42,0,0,3
12/21/21,ny,36,20,0.00,1232.84,0,1206.5,42,0,0,3
12/22/21,ny,40,31,0.00,1232.84,0,1206.5,42,0,0,3
12/23/21,ny,35,25,0.00,1232.84,0,1206.5,42,0,0,3
12/24/21,ny,33,25,0.00,1232.84,0,1206.5,42,0,0,3
12/25/21,ny,41,30,0.00,1232.84,0,1206.5,42,0,0,3
12/26/21,ny,44,37,0.36,1233.20,FALSE,1206.5,42,0,0.442911044,3
12/27/21,ny,39,27,0.00,1233.20,0,1206.5,42,0,0,3
12/28/21,ny,38,27,0.00,1233.20,0,1206.5,42,0,0,3
12/29/21,ny,41,32,0.00,1233.20,0,1206.5,42,0,0,3
12/30/21,ny,39,35,0.00,1233.20,0,1206.5,42,0,0,3
12/31/21,ny,42,35,0.00,1233.20,0,1206.5,42,0,0,3
1/1/22,ny,48,38,2.09,1235.29,1,1207.5,42,0,-0.201357921,3
1/2/22,ny,51,29,2.50,1237.80,FALSE,1207.5,42,0,0.182835137,3
1/3/22,ny,29,18,0.00,1237.80,0,1207.5,42,0,0,3
1/4/22,ny,20,14,0.00,1237.80,0,1207.5,42,0,0,3
1/5/22,ny,34,20,0.00,1237.80,0,1207.5,42,0,0,3
1/6/22,ny,40,27,0.00,1237.80,0,1207.5,42,0,0,3
1/7/22,ny,30,24,0.00,1237.80,0,1207.5,42,0,0,3
1/8/22,ny,26,12,0.00,1237.80,0,1207.5,42,0,0,3
1/9/22,ny,31,12,0.00,1237.80,0,1207.5,42,0,0,3
1/10/22,ny,41,19,0.00,1237.80,0,1207.5,42,0,0,3
1/11/22,ny,22,5,0.00,1237.80,0,1207.5,42,0,0,3
1/12/22,ny,24,4,0.00,1237.80,0,1207.5,42,0,0,3
1/13/22,ny,37,24,0.00,1237.80,0,1207.5,42,0,0,3
1/14/22,ny,40,31,0.00,1237.80,0,1207.5,42,0,0,3
1/15/22,ny,31,0,0.00,1237.80,0,1207.5,42,0,0,3
1/16/22,ny,7,0,0.00,1237.80,0,1207.5,42,0,0,3
1/17/22,ny,29,2,0.00,1237.80,0,1207.5,42,0,0,3
1/18/22,ny,29,24,0.00,1237.80,0,1207.5,42,0,0,3
1/19/22,ny,32,13,0.00,1237.80,0,1207.5,42,0,0,3
1/20/22,ny,43,16,-1.95,1235.85,FALSE,1207.5,42,0,1.183479726,3
1/21/22,ny,16,10,0.00,1235.85,0,1207.5,42,0,0,3
1/22/22,ny,13,-5,0.00,1235.85,0,1207.5,42,0,0,3
1/23/22,ny,25,-5,0.00,1235.85,0,1207.5,42,0,0,3
1/24/22,ny,27,5,0.00,1235.85,0,1207.5,42,0,0,3
1/25/22,ny,27,5,0.00,1235.85,0,1207.5,42,0,0,3
1/26/22,ny,26,8,0.00,1235.85,0,1207.5,42,0,0,3
1/27/22,ny,20,0,0.00,1235.85,0,1207.5,42,0,0,3
1/28/22,ny,29,8,0.00,1235.85,0,1207.5,42,0,0,3
1/29/22,ny,27,4,0.00,1235.85,0,1207.5,42,0,0,3
1/30/22,ny,12,4,0.00,1235.85,0,1207.5,42,0,0,3
1/31/22,ny,21,6,0.00,1235.85,0,1207.5,42,0,0,3
2/1/22,ny,31,6,0.00,1235.85,0,1207.5,42,0,0,3
2/2/22,ny,37,19,0.00,1235.85,0,1207.5,42,0,0,3
2/3/22,ny,41,31,0.00,1235.85,0,1207.5,42,0,0,3
2/4/22,ny,33,16,0.00,1235.85,0,1207.5,42,0,0,3
2/5/22,ny,18,13,0.00,1235.85,0,1207.5,42,0,0,3
2/6/22,ny,17,3,0.00,1235.85,0,1207.5,42,0,0,3
2/7/22,ny,32,8,0.00,1235.85,0,1207.5,42,0,0,3
2/8/22,ny,40,21,0.00,1235.85,0,1207.5,42,0,0,3
2/9/22,ny,33,14,0.00,1235.85,0,1207.5,42,0,0,3
2/10/22,ny,49,22,1.05,1236.90,FALSE,1207.5,42,0,0.502344238,3
2/11/22,ny,41,29,0.00,1236.90,0,1207.5,42,0,0,3
2/12/22,ny,51,30,2.59,1239.49,FALSE,1207.5,42,0,0.143347569,3
2/13/22,ny,42,17,0.00,1239.49,0,1207.5,42,0,0,3
2/14/22,ny,19,9,0.00,1239.49,0,1207.5,42,0,0,3
2/15/22,ny,16,6,0.00,1239.49,0,1207.5,42,0,0,3
2/16/22,ny,27,11,0.00,1239.49,0,1207.5,42,0,0,3
2/17/22,ny,49,27,1.50,1240.99,FALSE,1207.5,42,0,0.372168534,3
2/18/22,ny,52,24,2.46,1243.45,FALSE,1207.5,42,0,0.289751701,3
2/19/22,ny,28,18,0.00,1243.45,0,1207.5,42,0,0,3
2/20/22,ny,30,15,0.00,1243.45,0,1207.5,42,0,0,3
2/21/22,ny,41,16,0.00,1243.45,0,1207.5,42,0,0,3
2/22/22,ny,53,34,3.78,1247.23,1.5,1209,42,0,-0.158558281,3
2/23/22,ny,56,43,7.50,1254.73,7.5,1216.5,42,0,0,3
2/24/22,ny,43,17,-1.86,1252.87,FALSE,1216.5,42,0,1.176005207,3
2/25/22,ny,26,17,0.00,1252.87,0,1216.5,42,-0.617437104,0,3
2/26/22,ny,35,18,0.00,1252.87,0,1216.5,42,-0.032263662,0,3
2/27/22,ny,28,18,0.00,1252.87,0,1216.5,42,0,0,3
2/28/22,ny,34,12,0.00,1252.87,0,1216.5,42,0,0,3
3/1/22,ny,31,12,0.00,1252.87,0,1216.5,42,0,0,3
3/2/22,ny,45,30,0.14,1253.01,FALSE,1216.5,42,0,0.643501109,3
3/3/22,ny,37,22,0.00,1253.01,0,1216.5,42,0,0,3
3/4/22,ny,23,10,0.00,1253.01,0,1216.5,42,0,0,3
3/5/22,ny,33,16,0.00,1253.01,0,1216.5,42,0,0,3
3/6/22,ny,46,22,-0.18,1252.83,FALSE,1216.5,42,0,0.729727656,3
3/7/22,ny,72,34,12.56,1265.39,11,1227.5,42,-0.498673347,-0.617437104,3
3/8/22,ny,58,27,3.09,1268.48,0.5,1228,42,-0.997283222,-0.032263662,3
3/9/22,ny,36,27,0.00,1268.48,0,1228,42,-1.019510728,0,3
3/10/22,ny,34,24,0.00,1268.48,0,1228,42,0,0,3
3/11/22,ny,41,26,0.00,1268.48,0,1228,42,0,0,3
3/12/22,ny,52,25,2.55,1271.02,FALSE,1228,42,0,0.262255159,3
3/13/22,ny,25,17,0.00,1271.02,0,1228,42,0,0,3
3/14/22,ny,33,19,0.00,1271.02,0,1228,42,0,0,3
3/15/22,ny,51,31,1.64,1272.67,FALSE,1228,42,-0.729727656,0.100167421,3
3/16/22,ny,45,34,0.50,1273.17,FALSE,1228,42,0,0.471861837,3
3/17/22,ny,59,36,6.41,1279.58,5.5,1233.5,42,0,-0.498673347,3
3/18/22,ny,65,40,9.23,1288.81,10.5,1244,42,0,-0.997283222,3
3/19/22,ny,67,40,10.05,1298.86,11.5,1255.5,42,0,-1.019510728,3
3/20/22,ny,68,45,14.50,1313.36,14.5,1270,42,0,0,3
3/21/22,ny,45,36,0.68,1314.04,FALSE,1270,42,0,0.339836909,3
3/22/22,ny,54,31,1.80,1315.84,0.5,1270.5,42,-1.19054512,-0.043491971,3
3/23/22,ny,43,30,-0.68,1315.16,FALSE,1270.5,42,0,1.008726524,3
3/24/22,ny,45,33,0.41,1315.57,FALSE,1270.5,42,0,0.523598776,3
3/25/22,ny,57,39,5.87,1321.44,6,1276.5,42,0,-0.729727656,3
3/26/22,ny,48,39,2.18,1323.62,1.5,1278,42,0,-0.339836909,3
3/27/22,ny,47,30,-0.30,1323.32,FALSE,1278,42,-0.643501109,0.424389709,3
3/28/22,ny,30,18,0.00,1323.32,0,1278,42,0,0,3
3/29/22,ny,21,18,0.00,1323.32,0,1278,42,0,0,3
3/30/22,ny,33,20,0.00,1323.32,0,1278,42,0,0,3
3/31/22,ny,49,23,1.14,1324.46,FALSE,1278,42,0,0.479728638,3
4/1/22,ny,69,41,10.96,1335.42,13,1291,42,0,-1.19054512,3
4/2/22,ny,41,32,0.00,1335.42,0,1291,42,-0.260064473,0,3
4/3/22,ny,41,32,0.00,1335.42,0,1291,42,-0.972128274,0,3
4/4/22,ny,41,34,0.00,1335.42,0,1291,42,0,0,3
4/5/22,ny,44,34,-1.21,1334.20,FALSE,1291,42,-0.828387397,0.643501109,3
4/6/22,ny,62,37,8.42,1342.62,7.5,1298.5,42,-0.831778448,-0.643501109,3
4/7/22,ny,62,45,11.50,1354.12,11.5,1310,42,0,0,3
4/8/22,ny,51,42,4.50,1358.62,4.5,1314.5,42,0,0,3
4/9/22,ny,55,37,4.87,1363.49,4,1318.5,42,0,-0.460553992,3
4/10/22,ny,50,34,2.55,1366.04,FALSE,1318.5,42,0,0,3
4/11/22,ny,40,29,0.00,1366.04,0,1318.5,42,0,0,3
4/12/22,ny,64,29,7.82,1373.86,4.5,1323,42,0,-0.260064473,3
4/13/22,ny,63,40,8.41,1382.27,9.5,1332.5,42,0,-0.972128274,3
4/14/22,ny,77,48,20.50,1402.77,20.5,1353,42,-0.909951031,0,3
4/15/22,ny,75,37,13.05,1415.82,14,1367,42,0,-0.828387397,3
4/16/22,ny,62,39,7.91,1423.74,8.5,1375.5,42,0,-0.831778448,3
4/17/22,ny,44,31,-0.18,1423.56,FALSE,1375.5,42,0,0.764682178,3
4/18/22,ny,44,27,-0.54,1423.01,FALSE,1375.5,42,0,0.870584771,3
4/19/22,ny,50,29,2.09,1425.11,FALSE,1375.5,42,0,0.240404217,3
4/20/22,ny,41,34,0.00,1425.11,0,1375.5,42,0,0,3
4/21/22,ny,51,36,3.14,1428.25,1.5,1377,42,0,-0.201357921,3
4/22/22,ny,57,43,8.00,1436.25,8,1385,42,0,0,3
4/23/22,ny,55,37,4.87,1441.11,4,1389,42,0,-0.460553992,3
4/24/22,ny,59,40,6.78,1447.89,7.5,1396.5,42,0,-0.909951031,3
4/25/22,ny,81,52,24.50,1472.39,24.5,1421,42,0,0,3
4/26/22,ny,75,50,20.50,1492.89,20.5,1441.5,42,-1.119769515,0,3
4/27/22,ny,52,34,3.37,1496.25,1,1442.5,42,0,-0.111341014,3
4/28/22,ny,39,33,0.00,1496.25,0,1442.5,42,-0.368267893,0,3
4/29/22,ny,47,33,0.12,1496.38,FALSE,1442.5,42,-0.764682178,0.289751701,3
4/30/22,ny,48,28,1.18,1497.56,FALSE,1442.5,42,0,0.411516846,3
5/1/22,ny,55,33,4.50,1502.06,2,1444.5,42,0,-0.182835137,3
5/2/22,ny,69,42,13.50,1515.56,13.5,1458,42,0,0,3
5/3/22,ny,60,48,12.00,1527.56,12,1470,42,0,0,3
5/4/22,ny,66,51,16.50,1544.06,16.5,1486.5,42,0,0,3
5/5/22,ny,54,39,4.64,1548.70,4.5,1491,42,0,-0.643501109,3
5/6/22,ny,61,41,7.68,1556.39,9,1500,42,0,-1.119769515,3
5/7/22,ny,59,47,11.00,1567.39,11,1511,42,0,0,3
5/8/22,ny,59,34,6.23,1573.62,4.5,1515.5,42,0,-0.368267893,3
5/9/22,ny,64,38,8.64,1582.26,9,1524.5,42,0,-0.764682178,3
5/10/22,ny,75,47,19.00,1601.26,19,1543.5,42,0,0,3
5/11/22,ny,75,48,19.50,1620.76,19.5,1563,42,0,0,3
5/12/22,ny,78,48,21.00,1641.76,21,1584,42,0,0,3
5/13/22,ny,84,55,27.50,1669.26,27.5,1611.5,42,0,0,3
5/14/22,ny,82,64,31.00,1700.26,31,1642.5,42,0,0,3
5/15/22,ny,82,63,30.50,1730.76,30.5,1673,42,0,0,3
5/16/22,ny,82,62,30.00,1760.76,30,1703,42,0,0,3
5/17/22,ny,74,50,20.00,1780.76,20,1723,42,0,0,3
5/18/22,ny,59,44,9.50,1790.26,9.5,1732.5,42,0,0,3
5/19/22,ny,54,48,9.00,1799.26,9,1741.5,42,0,0,3
5/20/22,ny,63,52,15.50,1814.76,15.5,1757,42,0,0,3
5/21/22,ny,79,62,28.50,1843.26,28.5,1785.5,42,0,0,3
5/22/22,ny,91,61,34.00,1877.26,34,1819.5,42,0,0,3
5/23/22,ny,79,47,21.00,1898.26,21,1840.5,42,0,0,3
5/24/22,ny,61,43,10.00,1908.26,10,1850.5,42,0,0,3
5/25/22,ny,72,50,19.00,1927.26,19,1869.5,42,0,0,3
5/26/22,ny,75,59,25.00,1952.26,25,1894.5,42,0,0,3
5/27/22,ny,79,61,28.00,1980.26,28,1922.5,42,0,0,3
5/28/22,ny,72,61,24.50,2004.76,24.5,1947,42,0,0,3
5/29/22,ny,76,56,24.00,2028.76,24,1971,42,0,0,3
5/30/22,ny,76,56,24.00,2052.76,24,1995,42,0,0,3
5/31/22,ny,86,63,32.50,2085.26,32.5,2027.5,42,0,0,3
9/1/21,vt,72,57,22.50,22.50,22.5,22.5,42,0,0,0
9/2/21,vt,71,56,21.50,44.00,21.5,44,42,0,0,0
9/3/21,vt,72,58,23.00,67.00,23,67,42,0,0,0
9/4/21,vt,77,57,25.00,92.00,25,92,42,0,0,0
9/5/21,vt,73,58,23.50,115.50,23.5,115.5,42,0,0,0
9/6/21,vt,71,57,22.00,137.50,22,137.5,42,0,0,0
9/7/21,vt,75,57,24.00,161.50,24,161.5,42,0,0,0
9/8/21,vt,83,63,31.00,192.50,31,192.5,42,0,0,0
9/9/21,vt,72,63,25.50,218.00,25.5,218,42,0,0,0
9/10/21,vt,68,52,18.00,236.00,18,236,42,0,0,0
9/11/21,vt,76,52,22.00,258.00,22,258,42,0,0,0
9/12/21,vt,79,60,27.50,285.50,27.5,285.5,42,0,0,0
9/13/21,vt,75,56,23.50,309.00,23.5,309,42,0,0,0
9/14/21,vt,76,52,22.00,331.00,22,331,42,0,0,0
9/15/21,vt,80,60,28.00,359.00,28,359,42,0,0,0
9/16/21,vt,75,54,22.50,381.50,22.5,381.5,42,0,0,0
9/17/21,vt,77,59,26.00,407.50,26,407.5,42,0,0,0
9/18/21,vt,78,53,23.50,431.00,23.5,431,42,0,0,0
9/19/21,vt,69,48,16.50,447.50,16.5,447.5,42,0,0,0
9/20/21,vt,77,48,20.50,468.00,20.5,468,42,0,0,1
9/21/21,vt,76,62,27.00,495.00,27,495,42,0,0,1
9/22/21,vt,81,62,29.50,524.50,29.5,524.5,42,0,0,1
9/23/21,vt,86,72,37.00,561.50,37,561.5,42,0,0,1
9/24/21,vt,77,56,24.50,586.00,24.5,586,42,0,0,1
9/25/21,vt,73,52,20.50,606.50,20.5,606.5,42,0,0,1
9/26/21,vt,70,55,20.50,627.00,20.5,627,42,0,0,1
9/27/21,vt,63,54,16.50,643.50,16.5,643.5,42,0,0,1
9/28/21,vt,62,45,11.50,655.00,11.5,655,42,0,0,1
9/29/21,vt,57,45,9.00,664.00,9,664,42,0,0,1.5
9/30/21,vt,62,47,12.50,676.50,12.5,676.5,42,0,0,1.5
10/1/21,vt,65,46,13.50,690.00,13.5,690,42,0,0,1.5
10/2/21,vt,59,52,13.50,703.50,13.5,703.5,42,0,0,1.5
10/3/21,vt,61,56,16.50,720.00,16.5,720,42,0,0,1.5
10/4/21,vt,64,55,17.50,737.50,17.5,737.5,42,0,0,1.5
10/5/21,vt,66,54,18.00,755.50,18,755.5,42,0,0,1.5
10/6/21,vt,70,51,18.50,774.00,18.5,774,42,0,0,1.5
10/7/21,vt,74,48,19.00,793.00,19,793,42,0,0,2
10/8/21,vt,74,51,20.50,813.50,20.5,813.5,42,0,0,2
10/9/21,vt,68,52,18.00,831.50,18,831.5,42,0,0,2
10/10/21,vt,68,51,17.50,849.00,17.5,849,42,-1.19054512,0,2
10/11/21,vt,73,55,22.00,871.00,22,871,42,0,0,2
10/12/21,vt,76,54,23.00,894.00,23,894,42,-0.863313115,0,2
10/13/21,vt,73,54,21.50,915.50,21.5,915.5,42,0,0,2.5
10/14/21,vt,71,63,25.00,940.50,25,940.5,42,-0.120289882,0,2.5
10/15/21,vt,73,59,24.00,964.50,24,964.5,42,0,0,2.5
10/16/21,vt,77,57,25.00,989.50,25,989.5,42,0,0,2.5
10/17/21,vt,62,50,14.00,1003.50,14,1003.5,42,0,0,2.5
10/18/21,vt,51,46,6.50,1010.00,6.5,1010,42,0,0,2.5
10/19/21,vt,54,44,7.00,1017.00,7,1017,42,-0.232868178,0,2.5
10/20/21,vt,69,41,10.96,1027.96,13,1030,42,0,-1.19054512,3
10/21/21,vt,64,50,15.00,1042.96,15,1045,42,0,0,3
10/22/21,vt,64,39,8.73,1051.69,9.5,1054.5,42,0,-0.863313115,3
10/23/21,vt,50,35,2.64,1054.33,0.5,1055,42,0,-0.066716148,3
10/24/21,vt,56,31,4.73,1059.06,1.5,1056.5,42,0,-0.120289882,3
10/25/21,vt,49,42,3.50,1062.56,3.5,1060,42,0,0,3
10/26/21,vt,57,48,10.50,1073.06,10.5,1070.5,42,0,0,3
10/27/21,vt,54,42,6.00,1079.06,6,1076.5,42,0,0,3
10/28/21,vt,53,35,3.87,1082.93,2,1078.5,42,0,-0.224093092,3
10/29/21,vt,58,32,5.74,1088.67,3,1081.5,42,-0.289751701,-0.232868178,3
10/30/21,vt,56,43,7.50,1096.17,7.5,1089,42,-0.576931345,0,3
10/31/21,vt,55,50,10.50,1106.67,10.5,1099.5,42,-0.252680255,0,3
11/1/21,vt,56,42,7.00,1113.67,7,1106.5,42,0,0,3
11/2/21,vt,50,37,2.81,1116.48,1.5,1108,42,-0.493469395,-0.232868178,3
11/3/21,vt,44,31,-0.18,1116.30,FALSE,1108,42,0,0.764682178,3
11/4/21,vt,44,28,-0.45,1115.85,FALSE,1108,42,0,0.848062079,3
11/5/21,vt,47,26,0.59,1116.44,FALSE,1108,42,0,0.551316969,3
11/6/21,vt,50,27,1.91,1118.35,FALSE,1108,42,0,0.309253701,3
11/7/21,vt,55,27,3.96,1122.31,FALSE,1108,42,0,0.07148945,3
11/8/21,vt,60,32,6.46,1128.77,4,1112,42,0,-0.289751701,3
11/9/21,vt,59,37,6.50,1135.27,6,1118,42,0,-0.576931345,3
11/10/21,vt,57,33,5.32,1140.59,3,1121,42,0,-0.252680255,3
11/11/21,vt,52,31,3.09,1143.69,FALSE,1121,42,0,0.047637063,3
11/12/21,vt,56,37,5.28,1148.96,4.5,1125.5,42,0,-0.493469395,3
11/13/21,vt,51,34,2.96,1151.92,0.5,1126,42,0,-0.058857506,3
11/14/21,vt,48,36,1.91,1153.83,FALSE,1126,42,0,0,3
11/15/21,vt,42,36,0.00,1153.83,0,1126,42,0,0,3
11/16/21,vt,41,27,0.00,1153.83,0,1126,42,0,0,3
11/17/21,vt,51,25,2.14,1155.97,FALSE,1126,42,0,0.312766722,3
11/18/21,vt,61,43,10.00,1165.97,10,1136,42,0,0,3
11/19/21,vt,44,34,0.09,1166.06,FALSE,1136,42,0,0.643501109,3
11/20/21,vt,42,24,0.00,1166.06,0,1136,42,0,0,3
11/21/21,vt,49,38,2.50,1168.57,1.5,1137.5,42,0,-0.276226631,3
11/22/21,vt,47,33,1.23,1169.80,FALSE,1137.5,42,0,0.289751701,3
11/23/21,vt,33,26,0.00,1169.80,0,1137.5,42,0,0,3
11/24/21,vt,38,20,0.00,1169.80,0,1137.5,42,0,0,3
11/25/21,vt,42,25,0.00,1169.80,0,1137.5,42,0,0,3
11/26/21,vt,41,31,0.00,1169.80,0,1137.5,42,0,0,3
11/27/21,vt,31,25,0.00,1169.80,0,1137.5,42,0,0,3
11/28/21,vt,30,13,0.00,1169.80,0,1137.5,42,0,0,3
11/29/21,vt,29,17,0.00,1169.80,0,1137.5,42,0,0,3
11/30/21,vt,32,16,0.00,1169.80,0,1137.5,42,0,0,3
12/1/21,vt,38,25,0.00,1169.80,0,1137.5,42,-0.219141059,0,3
12/2/21,vt,46,25,0.09,1169.89,FALSE,1137.5,42,0,0.667529445,3
12/3/21,vt,40,23,0.00,1169.89,0,1137.5,42,0,0,3
12/4/21,vt,36,16,0.00,1169.89,0,1137.5,42,0,0,3
12/5/21,vt,33,26,0.00,1169.89,0,1137.5,42,0,0,3
12/6/21,vt,53,30,3.41,1173.30,FALSE,1137.5,42,0,0.043491971,3
12/7/21,vt,40,25,0.00,1173.30,0,1137.5,42,-0.523598776,0,3
12/8/21,vt,28,22,0.00,1173.30,0,1137.5,42,0,0,3
12/9/21,vt,25,18,0.00,1173.30,0,1137.5,42,0,0,3
12/10/21,vt,40,19,0.00,1173.30,0,1137.5,42,0,0,3
12/11/21,vt,56,33,4.91,1178.21,2.5,1140,42,0,-0.219141059,3
12/12/21,vt,46,36,1.09,1179.31,FALSE,1140,42,0,0.201357921,3
12/13/21,vt,49,37,2.41,1181.72,1,1141,42,0,-0.167448079,3
12/14/21,vt,46,23,-0.09,1181.63,FALSE,1141,42,0,0.710448609,3
12/15/21,vt,43,23,-1.32,1180.31,FALSE,1141,42,0,1.119769515,3
12/16/21,vt,61,43,10.00,1190.31,10,1151,42,0,0,3
12/17/21,vt,60,36,6.82,1197.14,6,1157,42,0,-0.523598776,3
12/18/21,vt,36,27,0.00,1197.14,0,1157,42,0,0,3
12/19/21,vt,27,18,0.00,1197.14,0,1157,42,0,0,3
12/20/21,vt,30,15,0.00,1197.14,0,1157,42,0,0,3
12/21/21,vt,37,23,0.00,1197.14,0,1157,42,0,0,3
12/22/21,vt,38,22,0.00,1197.14,0,1157,42,0,0,3
12/23/21,vt,22,10,0.00,1197.14,0,1157,42,0,0,3
12/24/21,vt,29,12,0.00,1197.14,0,1157,42,0,0,3
12/25/21,vt,33,25,0.00,1197.14,0,1157,42,0,0,3
12/26/21,vt,31,24,0.00,1197.14,0,1157,42,0,0,3
12/27/21,vt,29,22,0.00,1197.14,0,1157,42,0,0,3
12/28/21,vt,37,25,0.00,1197.14,0,1157,42,0,0,3
12/29/21,vt,33,29,0.00,1197.14,0,1157,42,0,0,3
12/30/21,vt,40,29,0.00,1197.14,0,1157,42,0,0,3
12/31/21,vt,38,31,0.00,1197.14,0,1157,42,0,0,3
1/1/22,vt,45,32,0.32,1197.46,FALSE,1157,42,0,0.5686103,3
1/2/22,vt,34,13,0.00,1197.46,0,1157,42,0,0,3
1/3/22,vt,13,0,0.00,1197.46,0,1157,42,0,0,3
1/4/22,vt,29,-1,0.00,1197.46,0,1157,42,0,0,3
1/5/22,vt,38,28,0.00,1197.46,0,1157,42,0,0,3
1/6/22,vt,37,27,0.00,1197.46,0,1157,42,0,0,3
1/7/22,vt,27,12,0.00,1197.46,0,1157,42,0,0,3
1/8/22,vt,21,3,0.00,1197.46,0,1157,42,0,0,3
1/9/22,vt,38,20,0.00,1197.46,0,1157,42,0,0,3
1/10/22,vt,29,5,0.00,1197.46,0,1157,42,0,0,3
1/11/22,vt,7,-6,0.00,1197.46,0,1157,42,0,0,3
1/12/22,vt,27,7,0.00,1197.46,0,1157,42,0,0,3
1/13/22,vt,32,23,0.00,1197.46,0,1157,42,0,0,3
1/14/22,vt,24,-3,0.00,1197.46,0,1157,42,0,0,3
1/15/22,vt,0,-9,0.00,1197.46,0,1157,42,0,0,3
1/16/22,vt,22,-11,0.00,1197.46,0,1157,42,0,0,3
1/17/22,vt,30,19,0.00,1197.46,0,1157,42,0,0,3
1/18/22,vt,24,-6,0.00,1197.46,0,1157,42,0,0,3
1/19/22,vt,38,-6,0.00,1197.46,0,1157,42,0,0,3
1/20/22,vt,38,0,0.00,1197.46,0,1157,42,0,0,3
1/21/22,vt,6,-12,0.00,1197.46,0,1157,42,0,0,3
1/22/22,vt,20,-14,0.00,1197.46,0,1157,42,0,0,3
1/23/22,vt,26,9,0.00,1197.46,0,1157,42,0,0,3
1/24/22,vt,17,-7,0.00,1197.46,0,1157,42,0,0,3
1/25/22,vt,29,12,0.00,1197.46,0,1157,42,0,0,3
1/26/22,vt,14,-9,0.00,1197.46,0,1157,42,0,0,3
1/27/22,vt,25,-12,0.00,1197.46,0,1157,42,0,0,3
1/28/22,vt,26,-2,0.00,1197.46,0,1157,42,0,0,3
1/29/22,vt,7,-4,0.00,1197.46,0,1157,42,0,0,3
1/30/22,vt,20,-8,0.00,1197.46,0,1157,42,0,0,3
1/31/22,vt,25,2,0.00,1197.46,0,1157,42,0,0,3
2/1/22,vt,33,2,0.00,1197.46,0,1157,42,0,0,3
2/2/22,vt,42,29,0.00,1197.46,0,1157,42,0,0,3
2/3/22,vt,42,15,0.00,1197.46,0,1157,42,0,0,3
2/4/22,vt,15,10,0.00,1197.46,0,1157,42,0,0,3
2/5/22,vt,16,-5,0.00,1197.46,0,1157,42,0,0,3
2/6/22,vt,23,-7,0.00,1197.46,0,1157,42,0,0,3
2/7/22,vt,36,23,0.00,1197.46,0,1157,42,0,0,3
2/8/22,vt,33,23,0.00,1197.46,0,1157,42,0,0,3
2/9/22,vt,40,13,0.00,1197.46,0,1157,42,0,0,3
2/10/22,vt,42,36,0.00,1197.46,0,1157,42,0,0,3
2/11/22,vt,48,31,1.46,1198.91,FALSE,1157,42,0,0.298532201,3
2/12/22,vt,46,12,-1.09,1197.83,FALSE,1157,42,0,0.870584771,3
2/13/22,vt,14,5,0.00,1197.83,0,1157,42,0.307131463,0,3
2/14/22,vt,13,3,0.00,1197.83,0,1157,42,0,0,3
2/15/22,vt,21,2,0.00,1197.83,0,1157,42,0,0,3
2/16/22,vt,42,5,0.00,1197.83,0,1157,42,0,0,3
2/17/22,vt,51,34,2.96,1200.78,0.5,1157.5,42,0,-0.058857506,3
2/18/22,vt,34,11,0.00,1200.78,0,1157.5,42,0,0,3
2/19/22,vt,30,11,0.00,1200.78,0,1157.5,42,0,0,3
2/20/22,vt,33,6,0.00,1200.78,0,1157.5,42,0,0,3
2/21/22,vt,41,24,0.00,1200.78,0,1157.5,42,0,0,3
2/22/22,vt,52,21,2.19,1202.97,FALSE,1157.5,42,0,0.362741545,3
2/23/22,vt,57,14,3.60,1206.57,FALSE,1157.5,42,0,0.307131463,3
2/24/22,vt,23,9,0.00,1206.57,0,1157.5,42,-0.681076388,0,3
2/25/22,vt,21,7,0.00,1206.57,0,1157.5,42,0,0,3
2/26/22,vt,25,2,0.00,1206.57,0,1157.5,42,0,0,3
2/27/22,vt,35,14,0.00,1206.57,0,1157.5,42,0,0,3
2/28/22,vt,18,3,0.00,1206.57,0,1157.5,42,0,0,3
3/1/22,vt,33,4,0.00,1206.57,0,1157.5,42,0,0,3
3/2/22,vt,34,15,0.00,1206.57,0,1157.5,42,0,0,3
3/3/22,vt,27,9,0.00,1206.57,0,1157.5,42,0,0,3
3/4/22,vt,28,-3,0.00,1206.57,0,1157.5,42,0,0,3
3/5/22,vt,37,13,0.00,1206.57,0,1157.5,42,0,0,3
3/6/22,vt,64,37,8.55,1215.12,8.5,1166,42,0,-0.681076388,3
3/7/22,vt,47,35,1.41,1216.53,FALSE,1166,42,0,0.167448079,3
3/8/22,vt,37,24,0.00,1216.53,0,1166,42,-0.927295218,0,3
3/9/22,vt,39,24,0.00,1216.53,0,1166,42,0,0,3
3/10/22,vt,47,26,0.59,1217.12,FALSE,1166,42,0,0.551316969,3
3/11/22,vt,47,27,0.68,1217.81,FALSE,1166,42,0,0.523598776,3
3/12/22,vt,45,20,-0.77,1217.04,FALSE,1166,42,0,0.863313115,3
3/13/22,vt,30,17,0.00,1217.04,0,1166,42,0,0,3
3/14/22,vt,44,26,-0.63,1216.40,FALSE,1166,42,0,0.891122508,3
3/15/22,vt,43,33,-0.41,1216.00,FALSE,1166,42,0,0.927295218,3
3/16/22,vt,52,33,3.28,1219.27,0.5,1166.5,42,0,-0.052655908,3
3/17/22,vt,65,45,13.00,1232.27,13,1179.5,42,0,0,3
3/18/22,vt,60,40,7.18,1239.46,8,1187.5,42,0,-0.927295218,3
3/19/22,vt,54,38,4.55,1244.00,4,1191.5,42,0,-0.523598776,3
3/20/22,vt,50,39,3.00,1247.01,2.5,1194,42,0,-0.471861837,3
3/21/22,vt,50,33,1.77,1248.78,FALSE,1194,42,-0.667529445,0.058857506,3
3/22/22,vt,42,30,0.00,1248.78,0,1194,42,0,0,3
3/23/22,vt,44,24,-0.82,1247.96,FALSE,1194,42,0,0.927295218,3
3/24/22,vt,48,37,2.00,1249.96,0.5,1194.5,42,0,-0.091034778,3
3/25/22,vt,53,40,4.32,1254.28,4.5,1199,42,0,-0.764682178,3
3/26/22,vt,50,38,3.02,1257.30,2,1201,42,-0.339836909,-0.339836909,3
3/27/22,vt,41,20,0.00,1257.30,0,1201,42,-0.714410816,0,3
3/28/22,vt,20,13,0.00,1257.30,0,1201,42,0,0,3
3/29/22,vt,33,19,0.00,1257.30,0,1201,42,0,0,3
3/30/22,vt,41,18,0.00,1257.30,0,1201,42,0,0,3
3/31/22,vt,59,38,6.59,1263.89,6.5,1207.5,42,0,-0.667529445,3
4/1/22,vt,55,34,4.68,1268.58,2.5,1210,42,-0.173279636,-0.240404217,3
4/2/22,vt,47,31,1.05,1269.62,FALSE,1210,42,0,0.384396774,3
4/3/22,vt,48,31,-0.13,1269.49,FALSE,1210,42,-0.848062079,0.298532201,3
4/4/22,vt,52,32,1.20,1270.69,FALSE,1210,42,-1.183479726,0,3
4/5/22,vt,58,34,5.86,1276.55,4,1214,42,-0.662873824,-0.339836909,3
4/6/22,vt,66,37,9.37,1285.92,9.5,1223.5,42,0,-0.714410816,3
4/7/22,vt,54,42,6.00,1291.92,6,1229.5,42,0,0,3
4/8/22,vt,53,38,4.14,1296.05,3.5,1233,42,0,-0.485518122,3
4/9/22,vt,43,37,-0.04,1296.01,FALSE,1233,42,0,0.729727656,3
4/10/22,vt,48,38,2.09,1298.10,1,1234,42,0,-0.201357921,3
4/11/22,vt,59,30,5.93,1304.03,2.5,1236.5,42,-0.215960499,-0.173279636,3
4/12/22,vt,66,43,12.50,1316.53,12.5,1249,42,-0.848062079,0,3
4/13/22,vt,56,40,5.55,1322.08,6,1255,42,0,-0.848062079,3
4/14/22,vt,68,41,12.54,1334.62,12.5,1267.5,42,-0.958241588,-1.183479726,3
4/15/22,vt,63,37,8.14,1342.76,8,1275.5,42,0,-0.662873824,3
4/16/22,vt,50,39,3.00,1345.76,2.5,1278,42,0,-0.471861837,3
4/17/22,vt,47,32,1.14,1346.90,FALSE,1278,42,0,0.339836909,3
4/18/22,vt,55,28,4.05,1350.95,FALSE,1278,42,0,0.03704551,3
4/19/22,vt,43,33,-0.93,1350.02,FALSE,1278,42,-0.339836909,0.927295218,3
4/20/22,vt,50,33,2.35,1352.36,FALSE,1278,42,-0.232868178,0.058857506,3
4/21/22,vt,59,31,5.84,1358.20,3,1281,42,-0.541184417,-0.215960499,3
4/22/22,vt,56,40,5.55,1363.75,6,1287,42,0,-0.848062079,3
4/23/22,vt,51,30,2.59,1366.34,FALSE,1287,42,0,0.143347569,3
4/24/22,vt,62,40,8.00,1374.35,9,1296,42,0,-0.958241588,3
4/25/22,vt,72,50,19.00,1393.35,19,1315,42,0,0,3
4/26/22,vt,62,49,13.50,1406.85,13.5,1328.5,42,-0.831778448,0,3
4/27/22,vt,49,38,2.44,1409.28,1.5,1330,42,-0.681076388,-0.276226631,3
4/28/22,vt,51,35,2.49,1411.78,1,1331,42,-0.823211977,-0.125327831,3
4/29/22,vt,56,35,4.70,1416.47,3.5,1334.5,42,-0.985110783,-0.339836909,3
4/30/22,vt,58,32,5.64,1422.11,3,1337.5,42,0,-0.232868178,3
5/1/22,vt,67,34,9.50,1431.62,8.5,1346,42,0,-0.541184417,3
5/2/22,vt,61,43,10.00,1441.62,10,1356,42,0,0,3
5/3/22,vt,66,51,16.50,1458.12,16.5,1372.5,42,0,0,3
5/4/22,vt,56,51,11.50,1469.62,11.5,1384,42,0,0,3
5/5/22,vt,63,43,11.00,1480.62,11,1395,42,0,0,3
5/6/22,vt,62,39,7.91,1488.53,8.5,1403.5,42,0,-0.831778448,3
5/7/22,vt,64,37,8.55,1497.08,8.5,1412,42,0,-0.681076388,3
5/8/22,vt,68,38,10.28,1507.36,11,1423,42,0,-0.823211977,3
5/9/22,vt,75,39,13.23,1520.59,15,1438,42,0,-0.985110783,3
5/10/22,vt,77,43,18.00,1538.59,18,1456,42,0,0,3
5/11/22,vt,83,49,24.00,1562.59,24,1480,42,0,0,3
5/12/22,vt,89,51,28.00,1590.59,28,1508,42,0,0,3
5/13/22,vt,88,64,34.00,1624.59,34,1542,42,0,0,3
5/14/22,vt,88,68,36.00,1660.59,36,1578,42,0,0,3
5/15/22,vt,76,65,28.50,1689.09,28.5,1606.5,42,0,0,3
5/16/22,vt,84,58,29.00,1718.09,29,1635.5,42,0,0,3
5/17/22,vt,64,49,14.50,1732.59,14.5,1650,42,0,0,3
5/18/22,vt,65,46,13.50,1746.09,13.5,1663.5,42,0,0,3
5/19/22,vt,57,43,8.00,1754.09,8,1671.5,42,0,0,3
5/20/22,vt,81,47,22.00,1776.09,22,1693.5,42,0,0,3
5/21/22,vt,89,68,36.50,1812.59,36.5,1730,42,0,0,na
5/22/22,vt,87,56,29.50,1842.09,29.5,1759.5,42,0,0,na
5/23/22,vt,64,49,14.50,1856.59,14.5,1774,42,0,0,na
5/24/22,vt,68,43,13.50,1870.09,13.5,1787.5,42,0,0,na
5/25/22,vt,74,47,18.50,1888.59,18.5,1806,42,0,0,na
5/26/22,vt,77,59,26.00,1914.59,26,1832,42,0,0,na
5/27/22,vt,78,65,29.50,1944.09,29.5,1861.5,42,0,0,na
5/28/22,vt,74,54,22.00,1966.09,22,1883.5,42,0,0,na
5/29/22,vt,81,53,25.00,1991.09,25,1908.5,42,0,0,na
5/30/22,vt,85,55,28.00,2019.09,28,1936.5,42,0,0,na
5/31/22,vt,77,61,27.00,2046.09,27,1963.5,42,0,0,na
9/1/21,de,87.7,70.4,37.05,37.05,37.05,37.05,42,0,0,0
9/2/21,de,77.4,61,27.20,64.25,27.2,64.25,42,0,0,0
9/3/21,de,75.6,54.3,22.95,87.20,22.95,87.2,42,0,0,0
9/4/21,de,77.7,55.1,24.40,111.60,24.4,111.6,42,0,0,0
9/5/21,de,84.3,61,30.65,142.25,30.65,142.25,42,0,0,0
9/6/21,de,82.7,65.8,32.25,174.50,32.25,174.5,42,0,0,0
9/7/21,de,85.5,59.2,30.35,204.85,30.35,204.85,42,0,0,0
9/8/21,de,87,65.7,34.35,239.20,34.35,239.2,42,0,0,0
9/9/21,de,72.3,65.8,27.05,266.25,27.05,266.25,42,0,0,0
9/10/21,de,74.6,56.4,23.50,289.75,23.5,289.75,42,0,0,0
9/11/21,de,80.1,52.5,24.30,314.05,24.3,314.05,42,0,0,0
9/12/21,de,84.3,62.2,31.25,345.30,31.25,345.3,42,0,0,0
9/13/21,de,87.5,68.3,35.90,381.20,35.9,381.2,42,0,0,0
9/14/21,de,88.2,66.6,35.40,416.60,35.4,416.6,42,0,0,0
9/15/21,de,88.4,71.5,37.95,454.55,37.95,454.55,42,0,0,0
9/16/21,de,84.1,70.9,35.50,490.05,35.5,490.05,42,0,0,0
9/17/21,de,78.4,69.8,32.10,522.15,32.1,522.15,42,0,0,0
9/18/21,de,83.1,66.4,32.75,554.90,32.75,554.9,42,0,0,0
9/19/21,de,78.6,58.6,26.60,581.50,26.6,581.5,42,0,0,0
9/20/21,de,76.8,54.8,23.80,605.30,23.8,605.3,42,0,0,0
9/21/21,de,81.3,63.7,30.50,635.80,30.5,635.8,42,0,0,0
9/22/21,de,84.3,68.2,34.25,670.05,34.25,670.05,42,0,0,0
9/23/21,de,80.8,63.3,30.05,700.10,30.05,700.1,42,0,0,0
9/24/21,de,74.8,52.8,21.80,721.90,21.8,721.9,42,0,0,0
9/25/21,de,76.4,48.2,20.30,742.20,20.3,742.2,42,0,0,0
9/26/21,de,73.1,54.3,21.70,763.90,21.7,763.9,42,0,0,0
9/27/21,de,80.8,51.6,24.20,788.10,24.2,788.1,42,0,0,0
9/28/21,de,84.4,61.9,31.15,819.25,31.15,819.25,42,0,0,0
9/29/21,de,69.6,50.1,17.85,837.10,17.85,837.1,42,0,0,0
9/30/21,de,73.5,46.5,18.00,855.10,18,855.1,42,0,0,0
10/1/21,de,69.5,46.4,15.95,871.05,15.95,871.05,42,0,0,0
10/2/21,de,77.3,45.8,19.55,890.60,19.55,890.6,42,0,0,0
10/3/21,de,85.6,60.3,30.95,921.55,30.95,921.55,42,0,0,0
10/4/21,de,81.9,68.2,33.05,954.60,33.05,954.6,42,0,0,0
10/5/21,de,80.1,65.9,31.00,985.60,31,985.6,42,0,0,0
10/6/21,de,71,65.3,26.15,1011.75,26.15,1011.75,42,0,0,0
10/7/21,de,76.7,59.8,26.25,1038.00,26.25,1038,42,0,0,0
10/8/21,de,77,56,24.50,1062.50,24.5,1062.5,42,0,0,0
10/9/21,de,72.5,57.7,23.10,1085.60,23.1,1085.6,42,-1.09064665,0,0
10/10/21,de,75.9,65.6,28.75,1114.35,28.75,1114.35,42,0,0,0
10/11/21,de,67.5,63.4,23.45,1137.80,23.45,1137.8,42,0,0,0
10/12/21,de,69,64.6,24.80,1162.60,24.8,1162.6,42,0,0,0
10/13/21,de,71.2,59.6,23.40,1186.00,23.4,1186,42,0,0,1
10/14/21,de,78.1,57.1,25.60,1211.60,25.6,1211.6,42,0,0,1
10/15/21,de,82.8,56,27.40,1239.00,27.4,1239,42,0,0,1
10/16/21,de,83.1,57.7,28.40,1267.40,28.4,1267.4,42,0,0,1
10/17/21,de,64.4,47.3,13.85,1281.25,13.85,1281.25,42,0,0,1
10/18/21,de,65.1,45.7,13.40,1294.65,13.4,1294.65,42,0,0,1
10/19/21,de,68.7,40.4,10.78,1305.43,12.55,1307.2,42,0,-1.09064665,1
10/20/21,de,75.6,52,21.80,1327.23,21.8,1329,42,0,0,1
10/21/21,de,79.3,48.2,21.75,1348.98,21.75,1350.75,42,0,0,1
10/22/21,de,70.3,56,21.15,1370.13,21.15,1371.9,42,-1.038711313,0,1
10/23/21,de,68.2,47.4,15.80,1385.93,15.8,1387.7,42,0,0,1
10/24/21,de,68.7,48.7,16.70,1402.63,16.7,1404.4,42,0,0,1
10/25/21,de,78.5,60.5,27.50,1430.13,27.5,1431.9,42,0,0,1
10/26/21,de,67,52.4,17.70,1447.83,17.7,1449.6,42,0,0,1
10/27/21,de,66,49.3,15.65,1463.48,15.65,1465.25,42,-0.234804713,0,1
10/28/21,de,65.3,47,14.15,1477.63,14.15,1479.4,42,0,0,1
10/29/21,de,67,55.3,19.15,1496.78,19.15,1498.55,42,-0.971544042,0,1
10/30/21,de,67,54.1,18.55,1515.33,18.55,1517.1,42,-0.923337397,0,1
10/31/21,de,67.2,51.6,17.40,1532.73,17.4,1534.5,42,0,0,1
11/1/21,de,62.2,40.5,9.51,1542.25,9.35,1543.85,42,-1.127746173,-1.038711313,1
11/2/21,de,54.1,39.8,4.75,1547.00,4.95,1548.8,42,0,-0.764682178,2
11/3/21,de,52.3,35.5,3.52,1550.52,1.9,1550.7,42,-0.59965347,-0.228165014,2
11/4/21,de,51.4,37.7,3.46,1553.98,2.55,1553.25,42,0,-0.381445831,2
11/5/21,de,52.7,33.7,3.63,1557.60,1.2,1554.45,42,0,-0.126654134,2
11/6/21,de,57.1,32.6,5.33,1562.93,2.85,1557.3,42,0,-0.234804713,2
11/7/21,de,55.5,41.1,6.12,1569.05,6.3,1563.6,42,-0.452017844,-1.065435817,2
11/8/21,de,66.1,39.7,9.65,1578.70,10.9,1574.5,42,0,-0.971544042,2
11/9/21,de,72.2,38.6,12.05,1590.75,13.4,1587.9,42,0,-0.923337397,2
11/10/21,de,70.4,42.8,14.60,1605.35,14.6,1602.5,42,0,0,2
11/11/21,de,69.6,40.6,12.15,1617.50,13.1,1615.6,42,-0.277686256,-1.127746173,2
11/12/21,de,68,42.1,13.05,1630.55,13.05,1628.65,42,-0.447476982,0,2
11/13/21,de,65.7,35.4,9.10,1639.65,8.55,1637.2,42,0,-0.59965347,2
11/14/21,de,49.8,29,2.01,1641.66,FALSE,1637.2,42,0,0.252680255,2
11/15/21,de,50.3,37,2.97,1644.63,1.65,1638.85,42,-0.047637063,-0.250739395,2
11/16/21,de,52.3,32.2,3.33,1647.95,0.25,1639.1,42,0,-0.024878188,2
11/17/21,de,67,32.2,9.34,1657.30,7.6,1646.7,42,0,-0.452017844,3
11/18/21,de,71.8,48.6,18.20,1675.50,18.2,1664.9,42,-0.236994919,0,3
11/19/21,de,48.7,33,1.93,1677.42,FALSE,1664.9,42,0,0.147025944,3
11/20/21,de,49.6,27.2,1.77,1679.19,FALSE,1664.9,42,0,0.32723773,3
11/21/21,de,58.5,32.6,5.90,1685.09,3.55,1668.45,42,0,-0.277686256,3
11/22/21,de,56.9,36.1,5.56,1690.65,4.5,1672.95,42,0,-0.447476982,3
11/23/21,de,42.7,29.7,-0.83,1689.82,FALSE,1672.95,42,0,1.102431608,3
11/24/21,de,46.5,24.9,-0.24,1689.58,FALSE,1672.95,42,-0.220264146,0.622826585,3
11/25/21,de,56.3,29,4.67,1694.25,0.65,1673.6,42,0,-0.047637063,3
11/26/21,de,48.7,35.1,2.12,1696.37,FALSE,1673.6,42,0,0.014706412,3
11/27/21,de,41.4,27.8,0.00,1696.37,0,1673.6,42,0,0,3
11/28/21,de,56.2,33.2,5.01,1701.38,2.7,1676.3,42,0,-0.236994919,3
11/29/21,de,44.8,25.4,-0.36,1701.02,FALSE,1676.3,42,0,0.791403197,3
11/30/21,de,49,24.9,1.31,1702.33,FALSE,1676.3,42,0,0.432439671,3
12/1/21,de,55.7,25.6,4.12,1706.45,FALSE,1676.3,42,0,0.089821727,3
12/2/21,de,62.4,47.2,12.80,1719.25,12.8,1689.1,42,0,0,3
12/3/21,de,55.9,35.8,5.13,1724.38,3.85,1692.95,42,0,-0.393133317,3
12/4/21,de,56.5,32.7,5.09,1729.47,2.6,1695.55,42,0,-0.220264146,3
12/5/21,de,55.4,27,3.98,1733.45,FALSE,1695.55,42,-0.201357921,0.056367873,3
12/6/21,de,66.9,47.3,15.10,1748.55,15.1,1710.65,42,0,0,3
12/7/21,de,48.8,25.5,1.29,1749.83,FALSE,1710.65,42,0,0.429382034,3
12/8/21,de,40.5,24.5,0.00,1749.83,0,1710.65,42,0,0,3
12/9/21,de,40.6,22.6,0.00,1749.83,0,1710.65,42,-0.278881878,0,3
12/10/21,de,55.5,29.7,4.41,1754.24,0.6,1711.25,42,0,-0.046528414,3
12/11/21,de,69.8,48.4,17.10,1771.34,17.1,1728.35,42,0,0,3
12/12/21,de,52.6,29.8,3.23,1774.57,FALSE,1728.35,42,0,0.070233164,3
12/13/21,de,53.6,26.9,3.38,1777.95,FALSE,1728.35,42,0,0.131464497,3
12/14/21,de,55.8,29.3,4.49,1782.44,0.55,1728.9,42,0,-0.041521364,3
12/15/21,de,60.9,29.4,6.59,1789.03,3.15,1732.05,42,0,-0.201357921,3
12/16/21,de,65.3,46,13.65,1802.68,13.65,1745.7,42,-0.724877142,0,3
12/17/21,de,66,49.3,15.65,1818.33,15.65,1761.35,42,0,0,3
12/18/21,de,62.9,48.2,13.55,1831.88,13.55,1774.9,42,-0.546850951,0,3
12/19/21,de,64.7,29.1,8.12,1840.00,4.9,1779.8,42,0,-0.278881878,3
12/20/21,de,41.5,22.8,0.00,1840.00,0,1779.8,42,0,0,3
12/21/21,de,42,22.8,0.00,1840.00,0,1779.8,42,0,0,3
12/22/21,de,48.5,31.7,1.73,1841.73,FALSE,1779.8,42,0,0.228165014,3
12/23/21,de,38.8,24.4,0.00,1841.73,0,1779.8,42,0,0,3
12/24/21,de,55.9,29,4.51,1846.24,0.45,1780.25,42,0,-0.033463494,3
12/25/21,de,62.1,46.8,12.45,1858.69,12.45,1792.7,42,0,0,3
12/26/21,de,57.3,38.9,5.98,1864.67,6.1,1798.8,42,0,-0.724877142,3
12/27/21,de,42.4,27.8,-1.13,1863.54,FALSE,1798.8,42,0,1.238223416,3
12/28/21,de,57.2,37.2,5.78,1869.33,5.2,1804,42,0,-0.546850951,3
12/29/21,de,55.2,48.1,9.65,1878.98,9.65,1813.65,42,0,0,3
12/30/21,de,54.4,46.5,8.45,1887.43,8.45,1822.1,42,0,0,3
12/31/21,de,53.1,47.7,8.40,1895.83,8.4,1830.5,42,0,0,3
1/1/22,de,69.6,52.9,19.25,1915.08,19.25,1849.75,42,0,0,3
1/2/22,de,68.3,47,15.65,1930.73,15.65,1865.4,42,0,0,3
1/3/22,de,46.8,18.6,-0.16,1930.57,FALSE,1865.4,42,0,0.720252482,3
1/4/22,de,33.3,11.7,0.00,1930.57,0,1865.4,42,0,0,3
1/5/22,de,43.9,13.5,-1.81,1928.76,FALSE,1865.4,42,0,1.065435817,3
1/6/22,de,43.6,29.7,-0.46,1928.30,FALSE,1865.4,42,0,0.878502957,3
1/7/22,de,36.2,22.6,0.00,1928.30,0,1865.4,42,0,0,3
1/8/22,de,36.4,18.8,0.00,1928.30,0,1865.4,42,0,0,3
1/9/22,de,46.1,24.1,0.05,1928.35,FALSE,1865.4,42,0,0.678046359,3
1/10/22,de,44.9,25.3,-0.33,1928.02,FALSE,1865.4,42,0,0.781129057,3
1/11/22,de,28,15.7,0.00,1928.02,0,1865.4,42,0,0,3
1/12/22,de,43.6,16.1,-1.70,1926.32,FALSE,1865.4,42,0,1.083573286,3
1/13/22,de,48.5,27.4,1.33,1927.66,FALSE,1865.4,42,0,0.39400136,3
1/14/22,de,49.4,27.9,1.75,1929.41,FALSE,1865.4,42,0,0.31690577,3
1/15/22,de,27.8,17,0.00,1929.41,0,1865.4,42,0,0,3
1/16/22,de,53.5,13.6,2.13,1931.54,FALSE,1865.4,42,0,0.437370441,3
1/17/22,de,52.2,32.9,3.35,1934.88,0.55,1865.95,42,0,-0.057025721,3
1/18/22,de,39.6,25.1,0.00,1934.88,0,1865.95,42,0,0,3
1/19/22,de,52.2,23.2,2.47,1937.35,FALSE,1865.95,42,0,0.301079923,3
1/20/22,de,49.5,25,1.53,1938.88,FALSE,1865.95,42,0,0.398194901,3
1/21/22,de,25,18.2,0.00,1938.88,0,1865.95,42,0,0,3
1/22/22,de,33.5,18.7,0.00,1938.88,0,1865.95,42,0,0,3
1/23/22,de,38.2,18.9,0.00,1938.88,0,1865.95,42,0,0,3
1/24/22,de,40.4,25.6,0.00,1938.88,0,1865.95,42,-0.356723999,0,3
1/25/22,de,43.5,29.8,-1.31,1937.56,FALSE,1865.95,42,-0.387250026,0.896300483,3
1/26/22,de,31.1,17.4,0.00,1937.56,0,1865.95,42,0,0,3
1/27/22,de,37,12,0.00,1937.56,0,1865.95,42,0,0,3
1/28/22,de,40.3,26.6,0.00,1937.56,0,1865.95,42,0,0,3
1/29/22,de,30.6,18.5,0.00,1937.56,0,1865.95,42,0,0,3
1/30/22,de,29.8,7,0.00,1937.56,0,1865.95,42,0,0,3
1/31/22,de,37.1,16.9,0.00,1937.56,0,1865.95,42,-0.375983494,0,3
2/1/22,de,41.2,19,0.00,1937.56,0,1865.95,42,-0.341993547,0,3
2/2/22,de,51.6,20.9,2.01,1939.58,FALSE,1865.95,42,0,0.383957595,3
2/3/22,de,59,33.8,6.21,1945.79,4.4,1870.35,42,0,-0.356723999,3
2/4/22,de,64.8,31.7,8.40,1954.19,6.25,1876.6,42,0,-0.387250026,3
2/5/22,de,32.8,22.6,0.00,1954.19,0,1876.6,42,0,0,3
2/6/22,de,37.1,16.7,0.00,1954.19,0,1876.6,42,0.164925766,0,3
2/7/22,de,41.1,34.7,0.00,1954.19,0,1876.6,42,0,0,3
2/8/22,de,46.3,26.2,-0.38,1953.81,FALSE,1876.6,42,-0.303888445,0.609111898,3
2/9/22,de,55,24,3.69,1957.49,FALSE,1876.6,42,0,0.161997955,3
2/10/22,de,59.5,33.9,6.43,1963.92,4.7,1881.3,42,0,-0.375983494,3
2/11/22,de,63.9,31.1,8.25,1972.17,5.5,1886.8,42,-0.262003703,-0.341993547,3
2/12/22,de,63.3,42.8,11.05,1983.22,11.05,1897.85,42,0,0,3
2/13/22,de,44.6,28.6,-0.15,1983.07,FALSE,1897.85,42,0,0.740964702,3
2/14/22,de,29.2,17.2,0.00,1983.07,0,1897.85,42,0,0,3
2/15/22,de,36.2,14.1,0.00,1983.07,0,1897.85,42,0,0,3
2/16/22,de,56,22.5,3.96,1987.03,FALSE,1897.85,42,0,0.164925766,3
2/17/22,de,68.8,52.1,18.45,2005.48,18.45,1916.3,42,0,0,3
2/18/22,de,67.4,28.3,9.15,2014.63,5.85,1922.15,42,0,-0.303888445,3
2/19/22,de,49.6,20.9,1.19,2015.82,FALSE,1922.15,42,-0.003278694,0.489725053,3
2/20/22,de,42.7,16.2,-3.38,2012.44,FALSE,1922.15,42,-0.288012021,1.244293564,3
2/21/22,de,61.2,30.7,6.83,2019.27,3.95,1926.1,42,0,-0.262003703,3
2/22/22,de,66.2,45.9,14.05,2033.32,14.05,1940.15,42,0,0,3
2/23/22,de,68.1,43.8,13.95,2047.27,13.95,1954.1,42,0.017422484,0,3
2/24/22,de,43.7,32.9,-0.13,2047.14,FALSE,1954.1,42,0,0.754857915,3
2/25/22,de,51.6,33.4,3.15,2050.29,0.5,1954.6,42,0,-0.054972739,3
2/26/22,de,39.6,30.8,0.00,2050.29,0,1954.6,42,-0.632435688,0,3
2/27/22,de,51.2,30,2.68,2052.97,FALSE,1954.6,42,0,0.132462503,3
2/28/22,de,44.2,28,-0.37,2052.60,FALSE,1954.6,42,0,0.815976587,3
3/1/22,de,57.3,26.8,4.86,2057.46,0.05,1954.65,42,-0.091610737,-0.003278694,3
3/2/22,de,58.5,32.8,5.92,2063.38,3.65,1958.3,42,0,-0.288012021,3
3/3/22,de,54.5,34.2,4.41,2067.78,2.35,1960.65,42,0,-0.233647136,3
3/4/22,de,43.2,24.2,-1.31,2066.48,FALSE,1960.65,42,-0.066716148,1.062724573,3
3/5/22,de,56.1,27.4,3.42,2069.90,FALSE,1960.65,42,-0.663780553,0.017422484,3
3/6/22,de,72.7,51.5,20.10,2090.00,20.1,1980.75,42,-0.97872633,0,3
3/7/22,de,77.2,60.7,26.95,2116.95,26.95,2007.7,42,0,0,3
3/8/22,de,59.9,37.4,6.91,2123.85,6.65,2014.35,42,0,-0.632435688,3
3/9/22,de,44.9,38.8,0.90,2124.75,FALSE,2014.35,42,0,0.049200175,3
3/10/22,de,48.4,33.3,1.83,2126.58,FALSE,2014.35,42,0,0.152913097,3
3/11/22,de,59.3,27.6,4.82,2131.40,1.45,2015.8,42,-0.729727656,-0.091610737,3
3/12/22,de,52.7,24.5,0.43,2131.83,FALSE,2015.8,42,-0.83086654,0.243534936,3
3/13/22,de,38.1,22.1,0.00,2131.83,0,2015.8,42,-0.974235667,0,3
3/14/22,de,58.8,27.3,5.54,2137.37,1.05,2016.85,42,0,-0.066716148,3
3/15/22,de,68.1,35.8,10.12,2147.49,9.95,2026.8,42,0,-0.663780553,3
3/16/22,de,67.8,39.6,10.34,2157.83,11.7,2038.5,42,0,-0.97872633,3
3/17/22,de,59,48.6,11.80,2169.63,11.8,2050.3,42,0,0,3
3/18/22,de,72.1,51.6,19.85,2189.48,19.85,2070.15,42,0,0,3
3/19/22,de,74.7,55.3,23.00,2212.48,23,2093.15,42,0,0,3
3/20/22,de,69.2,47.8,16.50,2228.98,16.5,2109.65,42,0,0,3
3/21/22,de,65,37.4,8.99,2237.98,9.2,2118.85,42,0,-0.729727656,3
3/22/22,de,66.6,38.3,9.73,2247.71,10.45,2129.3,42,0,-0.83086654,3
3/23/22,de,62.1,40.1,8.05,2255.76,9.1,2138.4,42,0,-0.974235667,3
3/24/22,de,67,55.3,19.15,2274.91,19.15,2157.55,42,-1.018196585,0,3
3/25/22,de,64.5,46.2,13.35,2288.26,13.35,2170.9,42,0,0,3
3/26/22,de,53.1,40.9,4.44,2292.70,5,2175.9,42,0,-0.96083842,3
3/27/22,de,44.5,33.7,0.27,2292.97,FALSE,2175.9,42,0,0.56692071,3
3/28/22,de,37,26.5,0.00,2292.97,0,2175.9,42,0,0,3
3/29/22,de,41.9,23.7,0.00,2292.97,0,2175.9,42,0,0,3
3/30/22,de,54.6,24.2,3.54,2296.52,FALSE,2175.9,42,0,0.171897948,3
3/31/22,de,70.1,54.2,20.15,2316.67,20.15,2196.05,42,0,0,3
4/1/22,de,66.4,43.1,12.75,2329.42,12.75,2208.8,42,-0.236233653,0,3
4/2/22,de,55.2,32.9,4.58,2333.99,2.05,2210.85,42,0,-0.184908407,3
4/3/22,de,61.9,40.4,8.00,2341.99,9.15,2220,42,0,-1.018196585,3
4/4/22,de,55.7,36,5.06,2347.05,3.85,2223.85,42,0,-0.401568932,3
4/5/22,de,58.8,44.6,9.70,2356.75,9.7,2233.55,42,0,0,3
4/6/22,de,58.9,47.2,11.05,2367.80,11.05,2244.6,42,0,0,3
4/7/22,de,64.5,46.4,13.45,2381.25,13.45,2258.05,42,-0.714918078,0,3
4/8/22,de,63.2,43.9,11.55,2392.80,11.55,2269.6,42,0,0,3
4/9/22,de,56.8,43.5,8.15,2400.95,8.15,2277.75,42,0,0,3
4/10/22,de,50,33.9,2.16,2403.11,FALSE,2277.75,42,-0.542500485,0.00621122,3
4/11/22,de,62.3,29.4,6.68,2409.79,3.85,2281.6,42,-0.750918419,-0.236233653,3
4/12/22,de,75.4,48.1,19.75,2429.54,19.75,2301.35,42,0,0,3
4/13/22,de,81,51.7,24.35,2453.89,24.35,2325.7,42,0,0,3
4/14/22,de,77.5,56.6,25.05,2478.94,25.05,2350.75,42,0,0,3
4/15/22,de,68.7,44.9,14.80,2493.74,14.8,2365.55,42,0,0,3
4/16/22,de,72.6,50,19.30,2513.04,19.3,2384.85,42,0,0,3
4/17/22,de,56.9,38.9,5.82,2518.86,5.9,2390.75,42,0,-0.714918078,3
4/18/22,de,50.3,32.5,2.22,2521.08,FALSE,2390.75,42,-0.410492578,0.067466901,3
4/19/22,de,51.9,40.8,4.25,2525.32,4.35,2395.1,42,-0.26561215,-0.900735326,3
4/20/22,de,58.3,36.8,6.66,2531.99,5.55,2400.65,42,-0.482942849,-0.542500485,3
4/21/22,de,65.3,37.6,10.20,2542.18,9.45,2410.1,42,-0.83266312,-0.750918419,3
4/22/22,de,73.4,44.9,17.15,2559.33,17.15,2427.25,42,0,0,3
4/23/22,de,69.3,43.6,14.45,2573.78,14.45,2441.7,42,0,0,3
4/24/22,de,74.2,51.4,20.80,2594.58,20.8,2462.5,42,0,0,3
4/25/22,de,64.8,49.5,15.15,2609.73,15.15,2477.65,42,0,0,3
4/26/22,de,76.5,55.6,24.05,2633.78,24.05,2501.7,42,0,0,3
4/27/22,de,59.8,43,9.40,2643.18,9.4,2511.1,42,0,0,3
4/28/22,de,56.9,35.6,5.52,2648.70,4.25,2515.35,42,0,-0.410492578,3
4/29/22,de,62.2,30.2,7.20,2655.90,4.2,2519.55,42,0,-0.26561215,3
4/30/22,de,67.7,32.6,9.66,2665.56,8.15,2527.7,42,0,-0.482942849,3
5/1/22,de,67.4,38.2,10.05,2675.61,10.8,2538.5,42,0,-0.83266312,3
5/2/22,de,78.3,55.7,25.00,2700.61,25,2563.5,42,0,0,3
5/3/22,de,63.6,50.7,15.15,2715.76,15.15,2578.65,42,0,0,3
5/4/22,de,75.3,52.2,21.75,2737.51,21.75,2600.4,42,0,0,3
5/5/22,de,67.1,55.7,19.40,2756.91,19.4,2619.8,42,0,0,3
5/6/22,de,65.1,51.1,16.10,2773.01,16.1,2635.9,42,0,0,3
5/7/22,de,53.2,47,8.10,2781.11,8.1,2644,42,0,0,3
5/8/22,de,52.2,45.2,6.70,2787.81,6.7,2650.7,42,0,0,3
5/9/22,de,64.1,46.5,13.30,2801.11,13.3,2664,42,0,0,3
5/10/22,de,62.7,51.9,15.30,2816.41,15.3,2679.3,42,0,0,3
5/11/22,de,60.6,52,14.30,2830.71,14.3,2693.6,42,0,0,3
5/12/22,de,60.2,52.8,14.50,2845.21,14.5,2708.1,42,0,0,3
5/13/22,de,70.2,55.4,20.80,2866.01,20.8,2728.9,42,0,0,na
5/14/22,de,72.4,59.6,24.00,2890.01,24,2752.9,42,0,0,na
5/15/22,de,79.7,61.3,28.50,2918.51,28.5,2781.4,42,0,0,na
5/16/22,de,79.8,61,28.40,2946.91,28.4,2809.8,42,0,0,na
5/17/22,de,79.6,54.9,25.25,2972.16,25.25,2835.05,42,0,0,na
5/18/22,de,73.1,49.8,19.45,2991.61,19.45,2854.5,42,0,0,na
5/19/22,de,81.8,58.3,28.05,3019.66,28.05,2882.55,42,0,0,na
5/20/22,de,88.6,61.2,32.90,3052.56,32.9,2915.45,42,0,0,na
5/21/22,de,91.5,72.3,39.90,3092.46,39.9,2955.35,42,0,0,na
5/22/22,de,86.7,69.9,36.30,3128.76,36.3,2991.65,42,0,0,na
5/23/22,de,75.8,60.6,26.20,3154.96,26.2,3017.85,42,0,0,na
5/24/22,de,62.4,57.3,17.85,3172.81,17.85,3035.7,42,0,0,na
5/25/22,de,67.7,56.9,20.30,3193.11,20.3,3056,42,0,0,na
5/26/22,de,70.6,56.9,21.75,3214.86,21.75,3077.75,42,0,0,na
5/27/22,de,80.4,64.9,30.65,3245.51,30.65,3108.4,42,0,0,na
5/28/22,de,78.6,63.9,29.25,3274.76,29.25,3137.65,42,0,0,na
5/29/22,de,80.3,59.6,27.95,3302.71,27.95,3165.6,42,0,0,na
5/30/22,de,86.7,60.4,31.55,3334.26,31.55,3197.15,42,0,0,na
5/31/22,de,93.5,67.1,38.30,3372.56,38.3,3235.45,42,0,0,na